Wed Aug 13 23:48:32 2025       
+-----------------------------------------------------------------------------------------+
| NVIDIA-SMI 575.51.03              Driver Version: 575.51.03      CUDA Version: 12.9     |
|-----------------------------------------+------------------------+----------------------+
| GPU  Name                 Persistence-M | Bus-Id          Disp.A | Volatile Uncorr. ECC |
| Fan  Temp   Perf          Pwr:Usage/Cap |           Memory-Usage | GPU-Util  Compute M. |
|                                         |                        |               MIG M. |
|=========================================+========================+======================|
|   0  Tesla V100S-PCIE-32GB          Off |   00000000:07:00.0 Off |                    0 |
| N/A   36C    P0             26W /  250W |       4MiB /  32768MiB |      0%      Default |
|                                         |                        |                  N/A |
+-----------------------------------------+------------------------+----------------------+
                                                                                         
+-----------------------------------------------------------------------------------------+
| Processes:                                                                              |
|  GPU   GI   CI              PID   Type   Process name                        GPU Memory |
|        ID   ID                                                               Usage      |
|=========================================================================================|
|  No running processes found                                                             |
+-----------------------------------------------------------------------------------------+
Loading Config
Loading Dataset neutrals
Using 79500 events for training
Using 10754 events for validation
Creating neutrals dataset...
Data loader created
Generating graphs from scratch...
Event 0...
Event 25...
Event 50...
Event 75...
Saving chunk 0 to /eos/user/e/ebornand/DFEI/FullMC/npy_array/magdown/neutrals_with_id/graphs_nedges/train_graphs/events_00000_to_00099_train.pt with 82 events
Event 100...
Event 125...
Event 150...
Event 175...
Saving chunk 1 to /eos/user/e/ebornand/DFEI/FullMC/npy_array/magdown/neutrals_with_id/graphs_nedges/train_graphs/events_00100_to_00199_train.pt with 88 events
Event 200...
Event 225...
Event 250...
Event 275...
Saving chunk 2 to /eos/user/e/ebornand/DFEI/FullMC/npy_array/magdown/neutrals_with_id/graphs_nedges/train_graphs/events_00200_to_00299_train.pt with 84 events
Event 300...
Event 325...
Event 350...
Event 375...
Saving chunk 3 to /eos/user/e/ebornand/DFEI/FullMC/npy_array/magdown/neutrals_with_id/graphs_nedges/train_graphs/events_00300_to_00399_train.pt with 86 events
Event 400...
Event 425...
Event 450...
Event 475...
Saving chunk 4 to /eos/user/e/ebornand/DFEI/FullMC/npy_array/magdown/neutrals_with_id/graphs_nedges/train_graphs/events_00400_to_00499_train.pt with 84 events
Event 500...
Event 525...
Event 550...
Event 575...
Saving chunk 5 to /eos/user/e/ebornand/DFEI/FullMC/npy_array/magdown/neutrals_with_id/graphs_nedges/train_graphs/events_00500_to_00599_train.pt with 88 events
Event 600...
Event 625...
Event 650...
Event 675...
Saving chunk 6 to /eos/user/e/ebornand/DFEI/FullMC/npy_array/magdown/neutrals_with_id/graphs_nedges/train_graphs/events_00600_to_00699_train.pt with 86 events
Event 700...
Event 725...
Event 750...
Event 775...
Saving chunk 7 to /eos/user/e/ebornand/DFEI/FullMC/npy_array/magdown/neutrals_with_id/graphs_nedges/train_graphs/events_00700_to_00799_train.pt with 83 events
Event 800...
Event 825...
Event 850...
Event 875...
Saving chunk 8 to /eos/user/e/ebornand/DFEI/FullMC/npy_array/magdown/neutrals_with_id/graphs_nedges/train_graphs/events_00800_to_00899_train.pt with 86 events
Event 900...
Event 925...
Event 950...
Event 975...
Saving chunk 9 to /eos/user/e/ebornand/DFEI/FullMC/npy_array/magdown/neutrals_with_id/graphs_nedges/train_graphs/events_00900_to_00999_train.pt with 87 events
Event 1000...
Event 1025...
Event 1050...
Event 1075...
Saving chunk 10 to /eos/user/e/ebornand/DFEI/FullMC/npy_array/magdown/neutrals_with_id/graphs_nedges/train_graphs/events_01000_to_01099_train.pt with 87 events
Event 1100...
Event 1125...
Event 1150...
Event 1175...
Saving chunk 11 to /eos/user/e/ebornand/DFEI/FullMC/npy_array/magdown/neutrals_with_id/graphs_nedges/train_graphs/events_01100_to_01199_train.pt with 82 events
Event 1200...
Event 1225...
Event 1250...
Event 1275...
Saving chunk 12 to /eos/user/e/ebornand/DFEI/FullMC/npy_array/magdown/neutrals_with_id/graphs_nedges/train_graphs/events_01200_to_01299_train.pt with 88 events
Event 1300...
Event 1325...
Event 1350...
Event 1375...
Saving chunk 13 to /eos/user/e/ebornand/DFEI/FullMC/npy_array/magdown/neutrals_with_id/graphs_nedges/train_graphs/events_01300_to_01399_train.pt with 86 events
Event 1400...
Event 1425...
Event 1450...
Event 1475...
Saving chunk 14 to /eos/user/e/ebornand/DFEI/FullMC/npy_array/magdown/neutrals_with_id/graphs_nedges/train_graphs/events_01400_to_01499_train.pt with 80 events
Event 1500...
Event 1525...
Event 1550...
Event 1575...
Saving chunk 15 to /eos/user/e/ebornand/DFEI/FullMC/npy_array/magdown/neutrals_with_id/graphs_nedges/train_graphs/events_01500_to_01599_train.pt with 87 events
Event 1600...
Event 1625...
Event 1650...
Event 1675...
Saving chunk 16 to /eos/user/e/ebornand/DFEI/FullMC/npy_array/magdown/neutrals_with_id/graphs_nedges/train_graphs/events_01600_to_01699_train.pt with 84 events
Event 1700...
Event 1725...
Event 1750...
Event 1775...
Saving chunk 17 to /eos/user/e/ebornand/DFEI/FullMC/npy_array/magdown/neutrals_with_id/graphs_nedges/train_graphs/events_01700_to_01799_train.pt with 91 events
Event 1800...
Event 1825...
Event 1850...
Event 1875...
Saving chunk 18 to /eos/user/e/ebornand/DFEI/FullMC/npy_array/magdown/neutrals_with_id/graphs_nedges/train_graphs/events_01800_to_01899_train.pt with 86 events
Event 1900...
Event 1925...
Event 1950...
Event 1975...
Saving chunk 19 to /eos/user/e/ebornand/DFEI/FullMC/npy_array/magdown/neutrals_with_id/graphs_nedges/train_graphs/events_01900_to_01999_train.pt with 88 events
Event 2000...
Event 2025...
Event 2050...
Event 2075...
Saving chunk 20 to /eos/user/e/ebornand/DFEI/FullMC/npy_array/magdown/neutrals_with_id/graphs_nedges/train_graphs/events_02000_to_02099_train.pt with 87 events
Event 2100...
Event 2125...
Event 2150...
Event 2175...
Saving chunk 21 to /eos/user/e/ebornand/DFEI/FullMC/npy_array/magdown/neutrals_with_id/graphs_nedges/train_graphs/events_02100_to_02199_train.pt with 79 events
Event 2200...
Event 2225...
Event 2250...
Event 2275...
Saving chunk 22 to /eos/user/e/ebornand/DFEI/FullMC/npy_array/magdown/neutrals_with_id/graphs_nedges/train_graphs/events_02200_to_02299_train.pt with 87 events
Event 2300...
Event 2325...
Event 2350...
Event 2375...
Saving chunk 23 to /eos/user/e/ebornand/DFEI/FullMC/npy_array/magdown/neutrals_with_id/graphs_nedges/train_graphs/events_02300_to_02399_train.pt with 89 events
Event 2400...
Event 2425...
Event 2450...
Event 2475...
Saving chunk 24 to /eos/user/e/ebornand/DFEI/FullMC/npy_array/magdown/neutrals_with_id/graphs_nedges/train_graphs/events_02400_to_02499_train.pt with 89 events
Event 2500...
Event 2525...
Event 2550...
Event 2575...
Saving chunk 25 to /eos/user/e/ebornand/DFEI/FullMC/npy_array/magdown/neutrals_with_id/graphs_nedges/train_graphs/events_02500_to_02599_train.pt with 86 events
Event 2600...
Event 2625...
Event 2650...
Event 2675...
Saving chunk 26 to /eos/user/e/ebornand/DFEI/FullMC/npy_array/magdown/neutrals_with_id/graphs_nedges/train_graphs/events_02600_to_02699_train.pt with 87 events
Event 2700...
Event 2725...
Event 2750...
Event 2775...
Saving chunk 27 to /eos/user/e/ebornand/DFEI/FullMC/npy_array/magdown/neutrals_with_id/graphs_nedges/train_graphs/events_02700_to_02799_train.pt with 86 events
Event 2800...
Event 2825...
Event 2850...
Event 2875...
Saving chunk 28 to /eos/user/e/ebornand/DFEI/FullMC/npy_array/magdown/neutrals_with_id/graphs_nedges/train_graphs/events_02800_to_02899_train.pt with 87 events
Event 2900...
Event 2925...
Event 2950...
Event 2975...
Saving chunk 29 to /eos/user/e/ebornand/DFEI/FullMC/npy_array/magdown/neutrals_with_id/graphs_nedges/train_graphs/events_02900_to_02999_train.pt with 79 events
Event 3000...
Event 3025...
Event 3050...
Event 3075...
Saving chunk 30 to /eos/user/e/ebornand/DFEI/FullMC/npy_array/magdown/neutrals_with_id/graphs_nedges/train_graphs/events_03000_to_03099_train.pt with 84 events
Event 3100...
Event 3125...
Event 3150...
Event 3175...
Saving chunk 31 to /eos/user/e/ebornand/DFEI/FullMC/npy_array/magdown/neutrals_with_id/graphs_nedges/train_graphs/events_03100_to_03199_train.pt with 83 events
Event 3200...
Event 3225...
Event 3250...
Event 3275...
Saving chunk 32 to /eos/user/e/ebornand/DFEI/FullMC/npy_array/magdown/neutrals_with_id/graphs_nedges/train_graphs/events_03200_to_03299_train.pt with 83 events
Event 3300...
Event 3325...
Event 3350...
Event 3375...
Saving chunk 33 to /eos/user/e/ebornand/DFEI/FullMC/npy_array/magdown/neutrals_with_id/graphs_nedges/train_graphs/events_03300_to_03399_train.pt with 83 events
Event 3400...
Event 3425...
Event 3450...
Event 3475...
Saving chunk 34 to /eos/user/e/ebornand/DFEI/FullMC/npy_array/magdown/neutrals_with_id/graphs_nedges/train_graphs/events_03400_to_03499_train.pt with 79 events
Event 3500...
Event 3525...
Event 3550...
Event 3575...
Saving chunk 35 to /eos/user/e/ebornand/DFEI/FullMC/npy_array/magdown/neutrals_with_id/graphs_nedges/train_graphs/events_03500_to_03599_train.pt with 87 events
Event 3600...
Event 3625...
Event 3650...
Event 3675...
Saving chunk 36 to /eos/user/e/ebornand/DFEI/FullMC/npy_array/magdown/neutrals_with_id/graphs_nedges/train_graphs/events_03600_to_03699_train.pt with 83 events
Event 3700...
Event 3725...
Event 3750...
Event 3775...
Saving chunk 37 to /eos/user/e/ebornand/DFEI/FullMC/npy_array/magdown/neutrals_with_id/graphs_nedges/train_graphs/events_03700_to_03799_train.pt with 83 events
Event 3800...
Event 3825...
Event 3850...
Event 3875...
Saving chunk 38 to /eos/user/e/ebornand/DFEI/FullMC/npy_array/magdown/neutrals_with_id/graphs_nedges/train_graphs/events_03800_to_03899_train.pt with 82 events
Event 3900...
Event 3925...
Event 3950...
Event 3975...
Saving chunk 39 to /eos/user/e/ebornand/DFEI/FullMC/npy_array/magdown/neutrals_with_id/graphs_nedges/train_graphs/events_03900_to_03999_train.pt with 87 events
Event 4000...
Event 4025...
Event 4050...
Event 4075...
Saving chunk 40 to /eos/user/e/ebornand/DFEI/FullMC/npy_array/magdown/neutrals_with_id/graphs_nedges/train_graphs/events_04000_to_04099_train.pt with 86 events
Event 4100...
Event 4125...
Event 4150...
Event 4175...
Saving chunk 41 to /eos/user/e/ebornand/DFEI/FullMC/npy_array/magdown/neutrals_with_id/graphs_nedges/train_graphs/events_04100_to_04199_train.pt with 80 events
Event 4200...
Event 4225...
Event 4250...
Event 4275...
Saving chunk 42 to /eos/user/e/ebornand/DFEI/FullMC/npy_array/magdown/neutrals_with_id/graphs_nedges/train_graphs/events_04200_to_04299_train.pt with 88 events
Event 4300...
Event 4325...
Event 4350...
Event 4375...
Saving chunk 43 to /eos/user/e/ebornand/DFEI/FullMC/npy_array/magdown/neutrals_with_id/graphs_nedges/train_graphs/events_04300_to_04399_train.pt with 84 events
Event 4400...
Event 4425...
Event 4450...
Event 4475...
Saving chunk 44 to /eos/user/e/ebornand/DFEI/FullMC/npy_array/magdown/neutrals_with_id/graphs_nedges/train_graphs/events_04400_to_04499_train.pt with 87 events
Event 4500...
Event 4525...
Event 4550...
Event 4575...
Saving chunk 45 to /eos/user/e/ebornand/DFEI/FullMC/npy_array/magdown/neutrals_with_id/graphs_nedges/train_graphs/events_04500_to_04599_train.pt with 82 events
Event 4600...
Event 4625...
Event 4650...
Event 4675...
Saving chunk 46 to /eos/user/e/ebornand/DFEI/FullMC/npy_array/magdown/neutrals_with_id/graphs_nedges/train_graphs/events_04600_to_04699_train.pt with 84 events
Event 4700...
Event 4725...
Event 4750...
Event 4775...
Saving chunk 47 to /eos/user/e/ebornand/DFEI/FullMC/npy_array/magdown/neutrals_with_id/graphs_nedges/train_graphs/events_04700_to_04799_train.pt with 89 events
Event 4800...
Event 4825...
Event 4850...
Event 4875...
Saving chunk 48 to /eos/user/e/ebornand/DFEI/FullMC/npy_array/magdown/neutrals_with_id/graphs_nedges/train_graphs/events_04800_to_04899_train.pt with 87 events
Event 4900...
Event 4925...
Event 4950...
Event 4975...
Saving chunk 49 to /eos/user/e/ebornand/DFEI/FullMC/npy_array/magdown/neutrals_with_id/graphs_nedges/train_graphs/events_04900_to_04999_train.pt with 88 events
Event 5000...
Event 5025...
Event 5050...
Event 5075...
Saving chunk 50 to /eos/user/e/ebornand/DFEI/FullMC/npy_array/magdown/neutrals_with_id/graphs_nedges/train_graphs/events_05000_to_05099_train.pt with 83 events
Event 5100...
Event 5125...
Event 5150...
Event 5175...
Saving chunk 51 to /eos/user/e/ebornand/DFEI/FullMC/npy_array/magdown/neutrals_with_id/graphs_nedges/train_graphs/events_05100_to_05199_train.pt with 91 events
Event 5200...
Event 5225...
Event 5250...
Event 5275...
Saving chunk 52 to /eos/user/e/ebornand/DFEI/FullMC/npy_array/magdown/neutrals_with_id/graphs_nedges/train_graphs/events_05200_to_05299_train.pt with 87 events
Event 5300...
Event 5325...
Event 5350...
Event 5375...
Saving chunk 53 to /eos/user/e/ebornand/DFEI/FullMC/npy_array/magdown/neutrals_with_id/graphs_nedges/train_graphs/events_05300_to_05399_train.pt with 83 events
Event 5400...
Event 5425...
Event 5450...
Event 5475...
Saving chunk 54 to /eos/user/e/ebornand/DFEI/FullMC/npy_array/magdown/neutrals_with_id/graphs_nedges/train_graphs/events_05400_to_05499_train.pt with 81 events
Event 5500...
Event 5525...
Event 5550...
Event 5575...
Saving chunk 55 to /eos/user/e/ebornand/DFEI/FullMC/npy_array/magdown/neutrals_with_id/graphs_nedges/train_graphs/events_05500_to_05599_train.pt with 87 events
Event 5600...
Event 5625...
Event 5650...
Event 5675...
Saving chunk 56 to /eos/user/e/ebornand/DFEI/FullMC/npy_array/magdown/neutrals_with_id/graphs_nedges/train_graphs/events_05600_to_05699_train.pt with 83 events
Event 5700...
Event 5725...
Event 5750...
Event 5775...
Saving chunk 57 to /eos/user/e/ebornand/DFEI/FullMC/npy_array/magdown/neutrals_with_id/graphs_nedges/train_graphs/events_05700_to_05799_train.pt with 89 events
Event 5800...
Event 5825...
Event 5850...
Event 5875...
Saving chunk 58 to /eos/user/e/ebornand/DFEI/FullMC/npy_array/magdown/neutrals_with_id/graphs_nedges/train_graphs/events_05800_to_05899_train.pt with 87 events
Event 5900...
Event 5925...
Event 5950...
Event 5975...
Saving chunk 59 to /eos/user/e/ebornand/DFEI/FullMC/npy_array/magdown/neutrals_with_id/graphs_nedges/train_graphs/events_05900_to_05999_train.pt with 89 events
Event 6000...
Event 6025...
Event 6050...
Event 6075...
Saving chunk 60 to /eos/user/e/ebornand/DFEI/FullMC/npy_array/magdown/neutrals_with_id/graphs_nedges/train_graphs/events_06000_to_06099_train.pt with 82 events
Event 6100...
Event 6125...
Event 6150...
Event 6175...
Saving chunk 61 to /eos/user/e/ebornand/DFEI/FullMC/npy_array/magdown/neutrals_with_id/graphs_nedges/train_graphs/events_06100_to_06199_train.pt with 85 events
Event 6200...
Event 6225...
Event 6250...
Event 6275...
Saving chunk 62 to /eos/user/e/ebornand/DFEI/FullMC/npy_array/magdown/neutrals_with_id/graphs_nedges/train_graphs/events_06200_to_06299_train.pt with 80 events
Event 6300...
Event 6325...
Event 6350...
Event 6375...
Saving chunk 63 to /eos/user/e/ebornand/DFEI/FullMC/npy_array/magdown/neutrals_with_id/graphs_nedges/train_graphs/events_06300_to_06399_train.pt with 86 events
Event 6400...
Event 6425...
Event 6450...
Event 6475...
Saving chunk 64 to /eos/user/e/ebornand/DFEI/FullMC/npy_array/magdown/neutrals_with_id/graphs_nedges/train_graphs/events_06400_to_06499_train.pt with 87 events
Event 6500...
Event 6525...
Event 6550...
Event 6575...
Saving chunk 65 to /eos/user/e/ebornand/DFEI/FullMC/npy_array/magdown/neutrals_with_id/graphs_nedges/train_graphs/events_06500_to_06599_train.pt with 82 events
Event 6600...
Event 6625...
Event 6650...
Event 6675...
Saving chunk 66 to /eos/user/e/ebornand/DFEI/FullMC/npy_array/magdown/neutrals_with_id/graphs_nedges/train_graphs/events_06600_to_06699_train.pt with 89 events
Event 6700...
Event 6725...
Event 6750...
Event 6775...
Saving chunk 67 to /eos/user/e/ebornand/DFEI/FullMC/npy_array/magdown/neutrals_with_id/graphs_nedges/train_graphs/events_06700_to_06799_train.pt with 87 events
Event 6800...
Event 6825...
Event 6850...
Event 6875...
Saving chunk 68 to /eos/user/e/ebornand/DFEI/FullMC/npy_array/magdown/neutrals_with_id/graphs_nedges/train_graphs/events_06800_to_06899_train.pt with 82 events
Event 6900...
Event 6925...
Event 6950...
Event 6975...
Saving chunk 69 to /eos/user/e/ebornand/DFEI/FullMC/npy_array/magdown/neutrals_with_id/graphs_nedges/train_graphs/events_06900_to_06999_train.pt with 86 events
Event 7000...
Event 7025...
Event 7050...
Event 7075...
Saving chunk 70 to /eos/user/e/ebornand/DFEI/FullMC/npy_array/magdown/neutrals_with_id/graphs_nedges/train_graphs/events_07000_to_07099_train.pt with 88 events
Event 7100...
Event 7125...
Event 7150...
Event 7175...
Saving chunk 71 to /eos/user/e/ebornand/DFEI/FullMC/npy_array/magdown/neutrals_with_id/graphs_nedges/train_graphs/events_07100_to_07199_train.pt with 82 events
Event 7200...
Event 7225...
Event 7250...
Event 7275...
Saving chunk 72 to /eos/user/e/ebornand/DFEI/FullMC/npy_array/magdown/neutrals_with_id/graphs_nedges/train_graphs/events_07200_to_07299_train.pt with 88 events
Event 7300...
Event 7325...
Event 7350...
Event 7375...
Saving chunk 73 to /eos/user/e/ebornand/DFEI/FullMC/npy_array/magdown/neutrals_with_id/graphs_nedges/train_graphs/events_07300_to_07399_train.pt with 91 events
Event 7400...
Event 7425...
Event 7450...
Event 7475...
Saving chunk 74 to /eos/user/e/ebornand/DFEI/FullMC/npy_array/magdown/neutrals_with_id/graphs_nedges/train_graphs/events_07400_to_07499_train.pt with 81 events
Event 7500...
Event 7525...
Event 7550...
Event 7575...
Saving chunk 75 to /eos/user/e/ebornand/DFEI/FullMC/npy_array/magdown/neutrals_with_id/graphs_nedges/train_graphs/events_07500_to_07599_train.pt with 82 events
Event 7600...
Event 7625...
Event 7650...
Event 7675...
Saving chunk 76 to /eos/user/e/ebornand/DFEI/FullMC/npy_array/magdown/neutrals_with_id/graphs_nedges/train_graphs/events_07600_to_07699_train.pt with 86 events
Event 7700...
Event 7725...
Event 7750...
Event 7775...
Saving chunk 77 to /eos/user/e/ebornand/DFEI/FullMC/npy_array/magdown/neutrals_with_id/graphs_nedges/train_graphs/events_07700_to_07799_train.pt with 83 events
Event 7800...
Event 7825...
Event 7850...
Event 7875...
Saving chunk 78 to /eos/user/e/ebornand/DFEI/FullMC/npy_array/magdown/neutrals_with_id/graphs_nedges/train_graphs/events_07800_to_07899_train.pt with 92 events
Event 7900...
Event 7925...
Event 7950...
Event 7975...
Saving chunk 79 to /eos/user/e/ebornand/DFEI/FullMC/npy_array/magdown/neutrals_with_id/graphs_nedges/train_graphs/events_07900_to_07999_train.pt with 82 events
Event 8000...
Event 8025...
Event 8050...
Event 8075...
Saving chunk 80 to /eos/user/e/ebornand/DFEI/FullMC/npy_array/magdown/neutrals_with_id/graphs_nedges/train_graphs/events_08000_to_08099_train.pt with 78 events
Event 8100...
Event 8125...
Event 8150...
Event 8175...
Saving chunk 81 to /eos/user/e/ebornand/DFEI/FullMC/npy_array/magdown/neutrals_with_id/graphs_nedges/train_graphs/events_08100_to_08199_train.pt with 81 events
Event 8200...
Event 8225...
Event 8250...
Event 8275...
Saving chunk 82 to /eos/user/e/ebornand/DFEI/FullMC/npy_array/magdown/neutrals_with_id/graphs_nedges/train_graphs/events_08200_to_08299_train.pt with 85 events
Event 8300...
Event 8325...
Event 8350...
Event 8375...
Saving chunk 83 to /eos/user/e/ebornand/DFEI/FullMC/npy_array/magdown/neutrals_with_id/graphs_nedges/train_graphs/events_08300_to_08399_train.pt with 84 events
Event 8400...
Event 8425...
Event 8450...
Event 8475...
Saving chunk 84 to /eos/user/e/ebornand/DFEI/FullMC/npy_array/magdown/neutrals_with_id/graphs_nedges/train_graphs/events_08400_to_08499_train.pt with 90 events
Event 8500...
Event 8525...
Event 8550...
Event 8575...
Saving chunk 85 to /eos/user/e/ebornand/DFEI/FullMC/npy_array/magdown/neutrals_with_id/graphs_nedges/train_graphs/events_08500_to_08599_train.pt with 79 events
Event 8600...
Event 8625...
Event 8650...
Event 8675...
Saving chunk 86 to /eos/user/e/ebornand/DFEI/FullMC/npy_array/magdown/neutrals_with_id/graphs_nedges/train_graphs/events_08600_to_08699_train.pt with 91 events
Event 8700...
Event 8725...
Event 8750...
Event 8775...
Saving chunk 87 to /eos/user/e/ebornand/DFEI/FullMC/npy_array/magdown/neutrals_with_id/graphs_nedges/train_graphs/events_08700_to_08799_train.pt with 83 events
Event 8800...
Event 8825...
Event 8850...
Event 8875...
Saving chunk 88 to /eos/user/e/ebornand/DFEI/FullMC/npy_array/magdown/neutrals_with_id/graphs_nedges/train_graphs/events_08800_to_08899_train.pt with 83 events
Event 8900...
Event 8925...
Event 8950...
Event 8975...
Saving chunk 89 to /eos/user/e/ebornand/DFEI/FullMC/npy_array/magdown/neutrals_with_id/graphs_nedges/train_graphs/events_08900_to_08999_train.pt with 77 events
Event 9000...
Event 9025...
Event 9050...
Event 9075...
Saving chunk 90 to /eos/user/e/ebornand/DFEI/FullMC/npy_array/magdown/neutrals_with_id/graphs_nedges/train_graphs/events_09000_to_09099_train.pt with 86 events
Event 9100...
Event 9125...
Event 9150...
Event 9175...
Saving chunk 91 to /eos/user/e/ebornand/DFEI/FullMC/npy_array/magdown/neutrals_with_id/graphs_nedges/train_graphs/events_09100_to_09199_train.pt with 87 events
Event 9200...
Event 9225...
Event 9250...
Event 9275...
Saving chunk 92 to /eos/user/e/ebornand/DFEI/FullMC/npy_array/magdown/neutrals_with_id/graphs_nedges/train_graphs/events_09200_to_09299_train.pt with 83 events
Event 9300...
Event 9325...
Event 9350...
Event 9375...
Saving chunk 93 to /eos/user/e/ebornand/DFEI/FullMC/npy_array/magdown/neutrals_with_id/graphs_nedges/train_graphs/events_09300_to_09399_train.pt with 88 events
Event 9400...
Event 9425...
Event 9450...
Event 9475...
Saving chunk 94 to /eos/user/e/ebornand/DFEI/FullMC/npy_array/magdown/neutrals_with_id/graphs_nedges/train_graphs/events_09400_to_09499_train.pt with 81 events
Event 9500...
Event 9525...
Event 9550...
Event 9575...
Saving chunk 95 to /eos/user/e/ebornand/DFEI/FullMC/npy_array/magdown/neutrals_with_id/graphs_nedges/train_graphs/events_09500_to_09599_train.pt with 86 events
Event 9600...
Event 9625...
Event 9650...
Event 9675...
Saving chunk 96 to /eos/user/e/ebornand/DFEI/FullMC/npy_array/magdown/neutrals_with_id/graphs_nedges/train_graphs/events_09600_to_09699_train.pt with 91 events
Event 9700...
Event 9725...
Event 9750...
Event 9775...
Saving chunk 97 to /eos/user/e/ebornand/DFEI/FullMC/npy_array/magdown/neutrals_with_id/graphs_nedges/train_graphs/events_09700_to_09799_train.pt with 90 events
Event 9800...
Event 9825...
Event 9850...
Event 9875...
Saving chunk 98 to /eos/user/e/ebornand/DFEI/FullMC/npy_array/magdown/neutrals_with_id/graphs_nedges/train_graphs/events_09800_to_09899_train.pt with 85 events
Event 9900...
Event 9925...
Event 9950...
Event 9975...
Saving chunk 99 to /eos/user/e/ebornand/DFEI/FullMC/npy_array/magdown/neutrals_with_id/graphs_nedges/train_graphs/events_09900_to_09999_train.pt with 91 events
Event 10000...
Event 10025...
Event 10050...
Event 10075...
Saving chunk 100 to /eos/user/e/ebornand/DFEI/FullMC/npy_array/magdown/neutrals_with_id/graphs_nedges/train_graphs/events_10000_to_10099_train.pt with 80 events
Event 10100...
Event 10125...
Event 10150...
Event 10175...
Saving chunk 101 to /eos/user/e/ebornand/DFEI/FullMC/npy_array/magdown/neutrals_with_id/graphs_nedges/train_graphs/events_10100_to_10199_train.pt with 88 events
Event 10200...
Event 10225...
Event 10250...
Event 10275...
Saving chunk 102 to /eos/user/e/ebornand/DFEI/FullMC/npy_array/magdown/neutrals_with_id/graphs_nedges/train_graphs/events_10200_to_10299_train.pt with 82 events
Event 10300...
Event 10325...
Event 10350...
Event 10375...
Saving chunk 103 to /eos/user/e/ebornand/DFEI/FullMC/npy_array/magdown/neutrals_with_id/graphs_nedges/train_graphs/events_10300_to_10399_train.pt with 93 events
Event 10400...
Event 10425...
Event 10450...
Event 10475...
Saving chunk 104 to /eos/user/e/ebornand/DFEI/FullMC/npy_array/magdown/neutrals_with_id/graphs_nedges/train_graphs/events_10400_to_10499_train.pt with 85 events
Event 10500...
Event 10525...
Event 10550...
Event 10575...
Saving chunk 105 to /eos/user/e/ebornand/DFEI/FullMC/npy_array/magdown/neutrals_with_id/graphs_nedges/train_graphs/events_10500_to_10599_train.pt with 85 events
Event 10600...
Event 10625...
Event 10650...
Event 10675...
Saving chunk 106 to /eos/user/e/ebornand/DFEI/FullMC/npy_array/magdown/neutrals_with_id/graphs_nedges/train_graphs/events_10600_to_10699_train.pt with 87 events
Event 10700...
Event 10725...
Event 10750...
Event 10775...
Saving chunk 107 to /eos/user/e/ebornand/DFEI/FullMC/npy_array/magdown/neutrals_with_id/graphs_nedges/train_graphs/events_10700_to_10799_train.pt with 89 events
Event 10800...
Event 10825...
Event 10850...
Event 10875...
Saving chunk 108 to /eos/user/e/ebornand/DFEI/FullMC/npy_array/magdown/neutrals_with_id/graphs_nedges/train_graphs/events_10800_to_10899_train.pt with 82 events
Event 10900...
Event 10925...
Event 10950...
Event 10975...
Saving chunk 109 to /eos/user/e/ebornand/DFEI/FullMC/npy_array/magdown/neutrals_with_id/graphs_nedges/train_graphs/events_10900_to_10999_train.pt with 83 events
Event 11000...
Event 11025...
Event 11050...
Event 11075...
Saving chunk 110 to /eos/user/e/ebornand/DFEI/FullMC/npy_array/magdown/neutrals_with_id/graphs_nedges/train_graphs/events_11000_to_11099_train.pt with 88 events
Event 11100...
Event 11125...
Event 11150...
Event 11175...
Saving chunk 111 to /eos/user/e/ebornand/DFEI/FullMC/npy_array/magdown/neutrals_with_id/graphs_nedges/train_graphs/events_11100_to_11199_train.pt with 91 events
Event 11200...
Event 11225...
Event 11250...
Event 11275...
Saving chunk 112 to /eos/user/e/ebornand/DFEI/FullMC/npy_array/magdown/neutrals_with_id/graphs_nedges/train_graphs/events_11200_to_11299_train.pt with 85 events
Event 11300...
Event 11325...
Event 11350...
Event 11375...
Saving chunk 113 to /eos/user/e/ebornand/DFEI/FullMC/npy_array/magdown/neutrals_with_id/graphs_nedges/train_graphs/events_11300_to_11399_train.pt with 83 events
Event 11400...
Event 11425...
Event 11450...
Event 11475...
Saving chunk 114 to /eos/user/e/ebornand/DFEI/FullMC/npy_array/magdown/neutrals_with_id/graphs_nedges/train_graphs/events_11400_to_11499_train.pt with 84 events
Event 11500...
Event 11525...
Event 11550...
Event 11575...
Saving chunk 115 to /eos/user/e/ebornand/DFEI/FullMC/npy_array/magdown/neutrals_with_id/graphs_nedges/train_graphs/events_11500_to_11599_train.pt with 76 events
Event 11600...
Event 11625...
Event 11650...
Event 11675...
Saving chunk 116 to /eos/user/e/ebornand/DFEI/FullMC/npy_array/magdown/neutrals_with_id/graphs_nedges/train_graphs/events_11600_to_11699_train.pt with 86 events
Event 11700...
Event 11725...
Event 11750...
Event 11775...
Saving chunk 117 to /eos/user/e/ebornand/DFEI/FullMC/npy_array/magdown/neutrals_with_id/graphs_nedges/train_graphs/events_11700_to_11799_train.pt with 89 events
Event 11800...
Event 11825...
Event 11850...
Event 11875...
Saving chunk 118 to /eos/user/e/ebornand/DFEI/FullMC/npy_array/magdown/neutrals_with_id/graphs_nedges/train_graphs/events_11800_to_11899_train.pt with 88 events
Event 11900...
Event 11925...
Event 11950...
Event 11975...
Saving chunk 119 to /eos/user/e/ebornand/DFEI/FullMC/npy_array/magdown/neutrals_with_id/graphs_nedges/train_graphs/events_11900_to_11999_train.pt with 90 events
Event 12000...
Event 12025...
Event 12050...
Event 12075...
Saving chunk 120 to /eos/user/e/ebornand/DFEI/FullMC/npy_array/magdown/neutrals_with_id/graphs_nedges/train_graphs/events_12000_to_12099_train.pt with 83 events
Event 12100...
Event 12125...
Event 12150...
Event 12175...
Saving chunk 121 to /eos/user/e/ebornand/DFEI/FullMC/npy_array/magdown/neutrals_with_id/graphs_nedges/train_graphs/events_12100_to_12199_train.pt with 91 events
Event 12200...
Event 12225...
Event 12250...
Event 12275...
Saving chunk 122 to /eos/user/e/ebornand/DFEI/FullMC/npy_array/magdown/neutrals_with_id/graphs_nedges/train_graphs/events_12200_to_12299_train.pt with 87 events
Event 12300...
Event 12325...
Event 12350...
Event 12375...
Saving chunk 123 to /eos/user/e/ebornand/DFEI/FullMC/npy_array/magdown/neutrals_with_id/graphs_nedges/train_graphs/events_12300_to_12399_train.pt with 83 events
Event 12400...
Event 12425...
Event 12450...
Event 12475...
Saving chunk 124 to /eos/user/e/ebornand/DFEI/FullMC/npy_array/magdown/neutrals_with_id/graphs_nedges/train_graphs/events_12400_to_12499_train.pt with 87 events
Event 12500...
Event 12525...
Event 12550...
Event 12575...
Saving chunk 125 to /eos/user/e/ebornand/DFEI/FullMC/npy_array/magdown/neutrals_with_id/graphs_nedges/train_graphs/events_12500_to_12599_train.pt with 83 events
Event 12600...
Event 12625...
Event 12650...
Event 12675...
Saving chunk 126 to /eos/user/e/ebornand/DFEI/FullMC/npy_array/magdown/neutrals_with_id/graphs_nedges/train_graphs/events_12600_to_12699_train.pt with 86 events
Event 12700...
Event 12725...
Event 12750...
Event 12775...
Saving chunk 127 to /eos/user/e/ebornand/DFEI/FullMC/npy_array/magdown/neutrals_with_id/graphs_nedges/train_graphs/events_12700_to_12799_train.pt with 89 events
Event 12800...
Event 12825...
Event 12850...
Event 12875...
Saving chunk 128 to /eos/user/e/ebornand/DFEI/FullMC/npy_array/magdown/neutrals_with_id/graphs_nedges/train_graphs/events_12800_to_12899_train.pt with 85 events
Event 12900...
Event 12925...
Event 12950...
Event 12975...
Saving chunk 129 to /eos/user/e/ebornand/DFEI/FullMC/npy_array/magdown/neutrals_with_id/graphs_nedges/train_graphs/events_12900_to_12999_train.pt with 89 events
Event 13000...
Event 13025...
Event 13050...
Event 13075...
Saving chunk 130 to /eos/user/e/ebornand/DFEI/FullMC/npy_array/magdown/neutrals_with_id/graphs_nedges/train_graphs/events_13000_to_13099_train.pt with 82 events
Event 13100...
Event 13125...
Event 13150...
Event 13175...
Saving chunk 131 to /eos/user/e/ebornand/DFEI/FullMC/npy_array/magdown/neutrals_with_id/graphs_nedges/train_graphs/events_13100_to_13199_train.pt with 85 events
Event 13200...
Event 13225...
Event 13250...
Event 13275...
Saving chunk 132 to /eos/user/e/ebornand/DFEI/FullMC/npy_array/magdown/neutrals_with_id/graphs_nedges/train_graphs/events_13200_to_13299_train.pt with 85 events
Event 13300...
Event 13325...
Event 13350...
Event 13375...
Saving chunk 133 to /eos/user/e/ebornand/DFEI/FullMC/npy_array/magdown/neutrals_with_id/graphs_nedges/train_graphs/events_13300_to_13399_train.pt with 86 events
Event 13400...
Event 13425...
Event 13450...
Event 13475...
Saving chunk 134 to /eos/user/e/ebornand/DFEI/FullMC/npy_array/magdown/neutrals_with_id/graphs_nedges/train_graphs/events_13400_to_13499_train.pt with 84 events
Event 13500...
Event 13525...
Event 13550...
Event 13575...
Saving chunk 135 to /eos/user/e/ebornand/DFEI/FullMC/npy_array/magdown/neutrals_with_id/graphs_nedges/train_graphs/events_13500_to_13599_train.pt with 82 events
Event 13600...
Event 13625...
Event 13650...
Event 13675...
Saving chunk 136 to /eos/user/e/ebornand/DFEI/FullMC/npy_array/magdown/neutrals_with_id/graphs_nedges/train_graphs/events_13600_to_13699_train.pt with 93 events
Event 13700...
Event 13725...
Event 13750...
Event 13775...
Saving chunk 137 to /eos/user/e/ebornand/DFEI/FullMC/npy_array/magdown/neutrals_with_id/graphs_nedges/train_graphs/events_13700_to_13799_train.pt with 86 events
Event 13800...
Event 13825...
Event 13850...
Event 13875...
Saving chunk 138 to /eos/user/e/ebornand/DFEI/FullMC/npy_array/magdown/neutrals_with_id/graphs_nedges/train_graphs/events_13800_to_13899_train.pt with 81 events
Event 13900...
Event 13925...
Event 13950...
Event 13975...
Saving chunk 139 to /eos/user/e/ebornand/DFEI/FullMC/npy_array/magdown/neutrals_with_id/graphs_nedges/train_graphs/events_13900_to_13999_train.pt with 92 events
Event 14000...
Event 14025...
Event 14050...
Event 14075...
Saving chunk 140 to /eos/user/e/ebornand/DFEI/FullMC/npy_array/magdown/neutrals_with_id/graphs_nedges/train_graphs/events_14000_to_14099_train.pt with 84 events
Event 14100...
Event 14125...
Event 14150...
Event 14175...
Saving chunk 141 to /eos/user/e/ebornand/DFEI/FullMC/npy_array/magdown/neutrals_with_id/graphs_nedges/train_graphs/events_14100_to_14199_train.pt with 87 events
Event 14200...
Event 14225...
Event 14250...
Event 14275...
Saving chunk 142 to /eos/user/e/ebornand/DFEI/FullMC/npy_array/magdown/neutrals_with_id/graphs_nedges/train_graphs/events_14200_to_14299_train.pt with 88 events
Event 14300...
Event 14325...
Event 14350...
Event 14375...
Saving chunk 143 to /eos/user/e/ebornand/DFEI/FullMC/npy_array/magdown/neutrals_with_id/graphs_nedges/train_graphs/events_14300_to_14399_train.pt with 83 events
Event 14400...
Event 14425...
Event 14450...
Event 14475...
Saving chunk 144 to /eos/user/e/ebornand/DFEI/FullMC/npy_array/magdown/neutrals_with_id/graphs_nedges/train_graphs/events_14400_to_14499_train.pt with 83 events
Event 14500...
Event 14525...
Event 14550...
Event 14575...
Saving chunk 145 to /eos/user/e/ebornand/DFEI/FullMC/npy_array/magdown/neutrals_with_id/graphs_nedges/train_graphs/events_14500_to_14599_train.pt with 85 events
Event 14600...
Event 14625...
Event 14650...
Event 14675...
Saving chunk 146 to /eos/user/e/ebornand/DFEI/FullMC/npy_array/magdown/neutrals_with_id/graphs_nedges/train_graphs/events_14600_to_14699_train.pt with 91 events
Event 14700...
Event 14725...
Event 14750...
Event 14775...
Saving chunk 147 to /eos/user/e/ebornand/DFEI/FullMC/npy_array/magdown/neutrals_with_id/graphs_nedges/train_graphs/events_14700_to_14799_train.pt with 83 events
Event 14800...
Event 14825...
Event 14850...
Event 14875...
Saving chunk 148 to /eos/user/e/ebornand/DFEI/FullMC/npy_array/magdown/neutrals_with_id/graphs_nedges/train_graphs/events_14800_to_14899_train.pt with 86 events
Event 14900...
Event 14925...
Event 14950...
Event 14975...
Saving chunk 149 to /eos/user/e/ebornand/DFEI/FullMC/npy_array/magdown/neutrals_with_id/graphs_nedges/train_graphs/events_14900_to_14999_train.pt with 75 events
Event 15000...
Event 15025...
Event 15050...
Event 15075...
Saving chunk 150 to /eos/user/e/ebornand/DFEI/FullMC/npy_array/magdown/neutrals_with_id/graphs_nedges/train_graphs/events_15000_to_15099_train.pt with 89 events
Event 15100...
Event 15125...
Event 15150...
Event 15175...
Saving chunk 151 to /eos/user/e/ebornand/DFEI/FullMC/npy_array/magdown/neutrals_with_id/graphs_nedges/train_graphs/events_15100_to_15199_train.pt with 84 events
Event 15200...
Event 15225...
Event 15250...
Event 15275...
Saving chunk 152 to /eos/user/e/ebornand/DFEI/FullMC/npy_array/magdown/neutrals_with_id/graphs_nedges/train_graphs/events_15200_to_15299_train.pt with 89 events
Event 15300...
Event 15325...
Event 15350...
Event 15375...
Saving chunk 153 to /eos/user/e/ebornand/DFEI/FullMC/npy_array/magdown/neutrals_with_id/graphs_nedges/train_graphs/events_15300_to_15399_train.pt with 89 events
Event 15400...
Event 15425...
Event 15450...
Event 15475...
Saving chunk 154 to /eos/user/e/ebornand/DFEI/FullMC/npy_array/magdown/neutrals_with_id/graphs_nedges/train_graphs/events_15400_to_15499_train.pt with 91 events
Event 15500...
Event 15525...
Event 15550...
Event 15575...
Saving chunk 155 to /eos/user/e/ebornand/DFEI/FullMC/npy_array/magdown/neutrals_with_id/graphs_nedges/train_graphs/events_15500_to_15599_train.pt with 86 events
Event 15600...
Event 15625...
Event 15650...
Event 15675...
Saving chunk 156 to /eos/user/e/ebornand/DFEI/FullMC/npy_array/magdown/neutrals_with_id/graphs_nedges/train_graphs/events_15600_to_15699_train.pt with 91 events
Event 15700...
Event 15725...
Event 15750...
Event 15775...
Saving chunk 157 to /eos/user/e/ebornand/DFEI/FullMC/npy_array/magdown/neutrals_with_id/graphs_nedges/train_graphs/events_15700_to_15799_train.pt with 86 events
Event 15800...
Event 15825...
Event 15850...
Event 15875...
Saving chunk 158 to /eos/user/e/ebornand/DFEI/FullMC/npy_array/magdown/neutrals_with_id/graphs_nedges/train_graphs/events_15800_to_15899_train.pt with 86 events
Event 15900...
Event 15925...
Event 15950...
Event 15975...
Saving chunk 159 to /eos/user/e/ebornand/DFEI/FullMC/npy_array/magdown/neutrals_with_id/graphs_nedges/train_graphs/events_15900_to_15999_train.pt with 81 events
Event 16000...
Event 16025...
Event 16050...
Event 16075...
Saving chunk 160 to /eos/user/e/ebornand/DFEI/FullMC/npy_array/magdown/neutrals_with_id/graphs_nedges/train_graphs/events_16000_to_16099_train.pt with 88 events
Event 16100...
Event 16125...
Event 16150...
Event 16175...
Saving chunk 161 to /eos/user/e/ebornand/DFEI/FullMC/npy_array/magdown/neutrals_with_id/graphs_nedges/train_graphs/events_16100_to_16199_train.pt with 84 events
Event 16200...
Event 16225...
Event 16250...
Event 16275...
Saving chunk 162 to /eos/user/e/ebornand/DFEI/FullMC/npy_array/magdown/neutrals_with_id/graphs_nedges/train_graphs/events_16200_to_16299_train.pt with 83 events
Event 16300...
Event 16325...
Event 16350...
Event 16375...
Saving chunk 163 to /eos/user/e/ebornand/DFEI/FullMC/npy_array/magdown/neutrals_with_id/graphs_nedges/train_graphs/events_16300_to_16399_train.pt with 87 events
Event 16400...
Event 16425...
Event 16450...
Event 16475...
Saving chunk 164 to /eos/user/e/ebornand/DFEI/FullMC/npy_array/magdown/neutrals_with_id/graphs_nedges/train_graphs/events_16400_to_16499_train.pt with 82 events
Event 16500...
Event 16525...
Event 16550...
Event 16575...
Saving chunk 165 to /eos/user/e/ebornand/DFEI/FullMC/npy_array/magdown/neutrals_with_id/graphs_nedges/train_graphs/events_16500_to_16599_train.pt with 87 events
Event 16600...
Event 16625...
Event 16650...
Event 16675...
Saving chunk 166 to /eos/user/e/ebornand/DFEI/FullMC/npy_array/magdown/neutrals_with_id/graphs_nedges/train_graphs/events_16600_to_16699_train.pt with 90 events
Event 16700...
Event 16725...
Event 16750...
Event 16775...
Saving chunk 167 to /eos/user/e/ebornand/DFEI/FullMC/npy_array/magdown/neutrals_with_id/graphs_nedges/train_graphs/events_16700_to_16799_train.pt with 88 events
Event 16800...
Event 16825...
Event 16850...
Event 16875...
Saving chunk 168 to /eos/user/e/ebornand/DFEI/FullMC/npy_array/magdown/neutrals_with_id/graphs_nedges/train_graphs/events_16800_to_16899_train.pt with 87 events
Event 16900...
Event 16925...
Event 16950...
Event 16975...
Saving chunk 169 to /eos/user/e/ebornand/DFEI/FullMC/npy_array/magdown/neutrals_with_id/graphs_nedges/train_graphs/events_16900_to_16999_train.pt with 85 events
Event 17000...
Event 17025...
Event 17050...
Event 17075...
Saving chunk 170 to /eos/user/e/ebornand/DFEI/FullMC/npy_array/magdown/neutrals_with_id/graphs_nedges/train_graphs/events_17000_to_17099_train.pt with 80 events
Event 17100...
Event 17125...
Event 17150...
Event 17175...
Saving chunk 171 to /eos/user/e/ebornand/DFEI/FullMC/npy_array/magdown/neutrals_with_id/graphs_nedges/train_graphs/events_17100_to_17199_train.pt with 79 events
Event 17200...
Event 17225...
Event 17250...
Event 17275...
Saving chunk 172 to /eos/user/e/ebornand/DFEI/FullMC/npy_array/magdown/neutrals_with_id/graphs_nedges/train_graphs/events_17200_to_17299_train.pt with 83 events
Event 17300...
Event 17325...
Event 17350...
Event 17375...
Saving chunk 173 to /eos/user/e/ebornand/DFEI/FullMC/npy_array/magdown/neutrals_with_id/graphs_nedges/train_graphs/events_17300_to_17399_train.pt with 83 events
Event 17400...
Event 17425...
Event 17450...
Event 17475...
Saving chunk 174 to /eos/user/e/ebornand/DFEI/FullMC/npy_array/magdown/neutrals_with_id/graphs_nedges/train_graphs/events_17400_to_17499_train.pt with 84 events
Event 17500...
Event 17525...
Event 17550...
Event 17575...
Saving chunk 175 to /eos/user/e/ebornand/DFEI/FullMC/npy_array/magdown/neutrals_with_id/graphs_nedges/train_graphs/events_17500_to_17599_train.pt with 92 events
Event 17600...
Event 17625...
Event 17650...
Event 17675...
Saving chunk 176 to /eos/user/e/ebornand/DFEI/FullMC/npy_array/magdown/neutrals_with_id/graphs_nedges/train_graphs/events_17600_to_17699_train.pt with 84 events
Event 17700...
Event 17725...
Event 17750...
Event 17775...
Saving chunk 177 to /eos/user/e/ebornand/DFEI/FullMC/npy_array/magdown/neutrals_with_id/graphs_nedges/train_graphs/events_17700_to_17799_train.pt with 89 events
Event 17800...
Event 17825...
Event 17850...
Event 17875...
Saving chunk 178 to /eos/user/e/ebornand/DFEI/FullMC/npy_array/magdown/neutrals_with_id/graphs_nedges/train_graphs/events_17800_to_17899_train.pt with 84 events
Event 17900...
Event 17925...
Event 17950...
Event 17975...
Saving chunk 179 to /eos/user/e/ebornand/DFEI/FullMC/npy_array/magdown/neutrals_with_id/graphs_nedges/train_graphs/events_17900_to_17999_train.pt with 89 events
Event 18000...
Event 18025...
Event 18050...
Event 18075...
Saving chunk 180 to /eos/user/e/ebornand/DFEI/FullMC/npy_array/magdown/neutrals_with_id/graphs_nedges/train_graphs/events_18000_to_18099_train.pt with 82 events
Event 18100...
Event 18125...
Event 18150...
Event 18175...
Saving chunk 181 to /eos/user/e/ebornand/DFEI/FullMC/npy_array/magdown/neutrals_with_id/graphs_nedges/train_graphs/events_18100_to_18199_train.pt with 82 events
Event 18200...
Event 18225...
Event 18250...
Event 18275...
Saving chunk 182 to /eos/user/e/ebornand/DFEI/FullMC/npy_array/magdown/neutrals_with_id/graphs_nedges/train_graphs/events_18200_to_18299_train.pt with 91 events
Event 18300...
Event 18325...
Event 18350...
Event 18375...
Saving chunk 183 to /eos/user/e/ebornand/DFEI/FullMC/npy_array/magdown/neutrals_with_id/graphs_nedges/train_graphs/events_18300_to_18399_train.pt with 86 events
Event 18400...
Event 18425...
Event 18450...
Event 18475...
Saving chunk 184 to /eos/user/e/ebornand/DFEI/FullMC/npy_array/magdown/neutrals_with_id/graphs_nedges/train_graphs/events_18400_to_18499_train.pt with 90 events
Event 18500...
Event 18525...
Event 18550...
Event 18575...
Saving chunk 185 to /eos/user/e/ebornand/DFEI/FullMC/npy_array/magdown/neutrals_with_id/graphs_nedges/train_graphs/events_18500_to_18599_train.pt with 86 events
Event 18600...
Event 18625...
Event 18650...
Event 18675...
Saving chunk 186 to /eos/user/e/ebornand/DFEI/FullMC/npy_array/magdown/neutrals_with_id/graphs_nedges/train_graphs/events_18600_to_18699_train.pt with 83 events
Event 18700...
Event 18725...
Event 18750...
Event 18775...
Saving chunk 187 to /eos/user/e/ebornand/DFEI/FullMC/npy_array/magdown/neutrals_with_id/graphs_nedges/train_graphs/events_18700_to_18799_train.pt with 84 events
Event 18800...
Event 18825...
Event 18850...
Event 18875...
Saving chunk 188 to /eos/user/e/ebornand/DFEI/FullMC/npy_array/magdown/neutrals_with_id/graphs_nedges/train_graphs/events_18800_to_18899_train.pt with 88 events
Event 18900...
Event 18925...
Event 18950...
Event 18975...
Saving chunk 189 to /eos/user/e/ebornand/DFEI/FullMC/npy_array/magdown/neutrals_with_id/graphs_nedges/train_graphs/events_18900_to_18999_train.pt with 85 events
Event 19000...
Event 19025...
Event 19050...
Event 19075...
Saving chunk 190 to /eos/user/e/ebornand/DFEI/FullMC/npy_array/magdown/neutrals_with_id/graphs_nedges/train_graphs/events_19000_to_19099_train.pt with 90 events
Event 19100...
Event 19125...
Event 19150...
Event 19175...
Saving chunk 191 to /eos/user/e/ebornand/DFEI/FullMC/npy_array/magdown/neutrals_with_id/graphs_nedges/train_graphs/events_19100_to_19199_train.pt with 90 events
Event 19200...
Event 19225...
Event 19250...
Event 19275...
Saving chunk 192 to /eos/user/e/ebornand/DFEI/FullMC/npy_array/magdown/neutrals_with_id/graphs_nedges/train_graphs/events_19200_to_19299_train.pt with 86 events
Event 19300...
Event 19325...
Event 19350...
Event 19375...
Saving chunk 193 to /eos/user/e/ebornand/DFEI/FullMC/npy_array/magdown/neutrals_with_id/graphs_nedges/train_graphs/events_19300_to_19399_train.pt with 87 events
Event 19400...
Event 19425...
Event 19450...
Event 19475...
Saving chunk 194 to /eos/user/e/ebornand/DFEI/FullMC/npy_array/magdown/neutrals_with_id/graphs_nedges/train_graphs/events_19400_to_19499_train.pt with 88 events
Event 19500...
Event 19525...
Event 19550...
Event 19575...
Saving chunk 195 to /eos/user/e/ebornand/DFEI/FullMC/npy_array/magdown/neutrals_with_id/graphs_nedges/train_graphs/events_19500_to_19599_train.pt with 85 events
Event 19600...
Event 19625...
Event 19650...
Event 19675...
Saving chunk 196 to /eos/user/e/ebornand/DFEI/FullMC/npy_array/magdown/neutrals_with_id/graphs_nedges/train_graphs/events_19600_to_19699_train.pt with 87 events
Event 19700...
Event 19725...
Event 19750...
Event 19775...
Saving chunk 197 to /eos/user/e/ebornand/DFEI/FullMC/npy_array/magdown/neutrals_with_id/graphs_nedges/train_graphs/events_19700_to_19799_train.pt with 93 events
Event 19800...
Event 19825...
Event 19850...
Event 19875...
Saving chunk 198 to /eos/user/e/ebornand/DFEI/FullMC/npy_array/magdown/neutrals_with_id/graphs_nedges/train_graphs/events_19800_to_19899_train.pt with 86 events
Event 19900...
Event 19925...
Event 19950...
Event 19975...
Saving chunk 199 to /eos/user/e/ebornand/DFEI/FullMC/npy_array/magdown/neutrals_with_id/graphs_nedges/train_graphs/events_19900_to_19999_train.pt with 85 events
Event 20000...
Event 20025...
Event 20050...
Event 20075...
Saving chunk 200 to /eos/user/e/ebornand/DFEI/FullMC/npy_array/magdown/neutrals_with_id/graphs_nedges/train_graphs/events_20000_to_20099_train.pt with 87 events
Event 20100...
Event 20125...
Event 20150...
Event 20175...
Saving chunk 201 to /eos/user/e/ebornand/DFEI/FullMC/npy_array/magdown/neutrals_with_id/graphs_nedges/train_graphs/events_20100_to_20199_train.pt with 87 events
Event 20200...
Event 20225...
Event 20250...
Event 20275...
Saving chunk 202 to /eos/user/e/ebornand/DFEI/FullMC/npy_array/magdown/neutrals_with_id/graphs_nedges/train_graphs/events_20200_to_20299_train.pt with 91 events
Event 20300...
Event 20325...
Event 20350...
Event 20375...
Saving chunk 203 to /eos/user/e/ebornand/DFEI/FullMC/npy_array/magdown/neutrals_with_id/graphs_nedges/train_graphs/events_20300_to_20399_train.pt with 81 events
Event 20400...
Event 20425...
Event 20450...
Event 20475...
Saving chunk 204 to /eos/user/e/ebornand/DFEI/FullMC/npy_array/magdown/neutrals_with_id/graphs_nedges/train_graphs/events_20400_to_20499_train.pt with 91 events
Event 20500...
Event 20525...
Event 20550...
Event 20575...
Saving chunk 205 to /eos/user/e/ebornand/DFEI/FullMC/npy_array/magdown/neutrals_with_id/graphs_nedges/train_graphs/events_20500_to_20599_train.pt with 83 events
Event 20600...
Event 20625...
Event 20650...
Event 20675...
Saving chunk 206 to /eos/user/e/ebornand/DFEI/FullMC/npy_array/magdown/neutrals_with_id/graphs_nedges/train_graphs/events_20600_to_20699_train.pt with 87 events
Event 20700...
Event 20725...
Event 20750...
Event 20775...
Saving chunk 207 to /eos/user/e/ebornand/DFEI/FullMC/npy_array/magdown/neutrals_with_id/graphs_nedges/train_graphs/events_20700_to_20799_train.pt with 89 events
Event 20800...
Event 20825...
Event 20850...
Event 20875...
Saving chunk 208 to /eos/user/e/ebornand/DFEI/FullMC/npy_array/magdown/neutrals_with_id/graphs_nedges/train_graphs/events_20800_to_20899_train.pt with 83 events
Event 20900...
Event 20925...
Event 20950...
Event 20975...
Saving chunk 209 to /eos/user/e/ebornand/DFEI/FullMC/npy_array/magdown/neutrals_with_id/graphs_nedges/train_graphs/events_20900_to_20999_train.pt with 88 events
Event 21000...
Event 21025...
Event 21050...
Event 21075...
Saving chunk 210 to /eos/user/e/ebornand/DFEI/FullMC/npy_array/magdown/neutrals_with_id/graphs_nedges/train_graphs/events_21000_to_21099_train.pt with 84 events
Event 21100...
Event 21125...
Event 21150...
Event 21175...
Saving chunk 211 to /eos/user/e/ebornand/DFEI/FullMC/npy_array/magdown/neutrals_with_id/graphs_nedges/train_graphs/events_21100_to_21199_train.pt with 86 events
Event 21200...
Event 21225...
Event 21250...
Event 21275...
Saving chunk 212 to /eos/user/e/ebornand/DFEI/FullMC/npy_array/magdown/neutrals_with_id/graphs_nedges/train_graphs/events_21200_to_21299_train.pt with 87 events
Event 21300...
Event 21325...
Event 21350...
Event 21375...
Saving chunk 213 to /eos/user/e/ebornand/DFEI/FullMC/npy_array/magdown/neutrals_with_id/graphs_nedges/train_graphs/events_21300_to_21399_train.pt with 86 events
Event 21400...
Event 21425...
Event 21450...
Event 21475...
Saving chunk 214 to /eos/user/e/ebornand/DFEI/FullMC/npy_array/magdown/neutrals_with_id/graphs_nedges/train_graphs/events_21400_to_21499_train.pt with 87 events
Event 21500...
Event 21525...
Event 21550...
Event 21575...
Saving chunk 215 to /eos/user/e/ebornand/DFEI/FullMC/npy_array/magdown/neutrals_with_id/graphs_nedges/train_graphs/events_21500_to_21599_train.pt with 90 events
Event 21600...
Event 21625...
Event 21650...
Event 21675...
Saving chunk 216 to /eos/user/e/ebornand/DFEI/FullMC/npy_array/magdown/neutrals_with_id/graphs_nedges/train_graphs/events_21600_to_21699_train.pt with 85 events
Event 21700...
Event 21725...
Event 21750...
Event 21775...
Saving chunk 217 to /eos/user/e/ebornand/DFEI/FullMC/npy_array/magdown/neutrals_with_id/graphs_nedges/train_graphs/events_21700_to_21799_train.pt with 85 events
Event 21800...
Event 21825...
Event 21850...
Event 21875...
Saving chunk 218 to /eos/user/e/ebornand/DFEI/FullMC/npy_array/magdown/neutrals_with_id/graphs_nedges/train_graphs/events_21800_to_21899_train.pt with 89 events
Event 21900...
Event 21925...
Event 21950...
Event 21975...
Saving chunk 219 to /eos/user/e/ebornand/DFEI/FullMC/npy_array/magdown/neutrals_with_id/graphs_nedges/train_graphs/events_21900_to_21999_train.pt with 85 events
Event 22000...
Event 22025...
Event 22050...
Event 22075...
Saving chunk 220 to /eos/user/e/ebornand/DFEI/FullMC/npy_array/magdown/neutrals_with_id/graphs_nedges/train_graphs/events_22000_to_22099_train.pt with 88 events
Event 22100...
Event 22125...
Event 22150...
Event 22175...
Saving chunk 221 to /eos/user/e/ebornand/DFEI/FullMC/npy_array/magdown/neutrals_with_id/graphs_nedges/train_graphs/events_22100_to_22199_train.pt with 89 events
Event 22200...
Event 22225...
Event 22250...
Event 22275...
Saving chunk 222 to /eos/user/e/ebornand/DFEI/FullMC/npy_array/magdown/neutrals_with_id/graphs_nedges/train_graphs/events_22200_to_22299_train.pt with 89 events
Event 22300...
Event 22325...
Event 22350...
Event 22375...
Saving chunk 223 to /eos/user/e/ebornand/DFEI/FullMC/npy_array/magdown/neutrals_with_id/graphs_nedges/train_graphs/events_22300_to_22399_train.pt with 88 events
Event 22400...
Event 22425...
Event 22450...
Event 22475...
Saving chunk 224 to /eos/user/e/ebornand/DFEI/FullMC/npy_array/magdown/neutrals_with_id/graphs_nedges/train_graphs/events_22400_to_22499_train.pt with 85 events
Event 22500...
Event 22525...
Event 22550...
Event 22575...
Saving chunk 225 to /eos/user/e/ebornand/DFEI/FullMC/npy_array/magdown/neutrals_with_id/graphs_nedges/train_graphs/events_22500_to_22599_train.pt with 90 events
Event 22600...
Event 22625...
Event 22650...
Event 22675...
Saving chunk 226 to /eos/user/e/ebornand/DFEI/FullMC/npy_array/magdown/neutrals_with_id/graphs_nedges/train_graphs/events_22600_to_22699_train.pt with 85 events
Event 22700...
Event 22725...
Event 22750...
Event 22775...
Saving chunk 227 to /eos/user/e/ebornand/DFEI/FullMC/npy_array/magdown/neutrals_with_id/graphs_nedges/train_graphs/events_22700_to_22799_train.pt with 80 events
Event 22800...
Event 22825...
Event 22850...
Event 22875...
Saving chunk 228 to /eos/user/e/ebornand/DFEI/FullMC/npy_array/magdown/neutrals_with_id/graphs_nedges/train_graphs/events_22800_to_22899_train.pt with 85 events
Event 22900...
Event 22925...
Event 22950...
Event 22975...
Saving chunk 229 to /eos/user/e/ebornand/DFEI/FullMC/npy_array/magdown/neutrals_with_id/graphs_nedges/train_graphs/events_22900_to_22999_train.pt with 85 events
Event 23000...
Event 23025...
Event 23050...
Event 23075...
Saving chunk 230 to /eos/user/e/ebornand/DFEI/FullMC/npy_array/magdown/neutrals_with_id/graphs_nedges/train_graphs/events_23000_to_23099_train.pt with 83 events
Event 23100...
Event 23125...
Event 23150...
Event 23175...
Saving chunk 231 to /eos/user/e/ebornand/DFEI/FullMC/npy_array/magdown/neutrals_with_id/graphs_nedges/train_graphs/events_23100_to_23199_train.pt with 82 events
Event 23200...
Event 23225...
Event 23250...
Event 23275...
Saving chunk 232 to /eos/user/e/ebornand/DFEI/FullMC/npy_array/magdown/neutrals_with_id/graphs_nedges/train_graphs/events_23200_to_23299_train.pt with 82 events
Event 23300...
Event 23325...
Event 23350...
Event 23375...
Saving chunk 233 to /eos/user/e/ebornand/DFEI/FullMC/npy_array/magdown/neutrals_with_id/graphs_nedges/train_graphs/events_23300_to_23399_train.pt with 80 events
Event 23400...
Event 23425...
Event 23450...
Event 23475...
Saving chunk 234 to /eos/user/e/ebornand/DFEI/FullMC/npy_array/magdown/neutrals_with_id/graphs_nedges/train_graphs/events_23400_to_23499_train.pt with 81 events
Event 23500...
Event 23525...
Event 23550...
Event 23575...
Saving chunk 235 to /eos/user/e/ebornand/DFEI/FullMC/npy_array/magdown/neutrals_with_id/graphs_nedges/train_graphs/events_23500_to_23599_train.pt with 80 events
Event 23600...
Event 23625...
Event 23650...
Event 23675...
Saving chunk 236 to /eos/user/e/ebornand/DFEI/FullMC/npy_array/magdown/neutrals_with_id/graphs_nedges/train_graphs/events_23600_to_23699_train.pt with 84 events
Event 23700...
Event 23725...
Event 23750...
Event 23775...
Saving chunk 237 to /eos/user/e/ebornand/DFEI/FullMC/npy_array/magdown/neutrals_with_id/graphs_nedges/train_graphs/events_23700_to_23799_train.pt with 84 events
Event 23800...
Event 23825...
Event 23850...
Event 23875...
Saving chunk 238 to /eos/user/e/ebornand/DFEI/FullMC/npy_array/magdown/neutrals_with_id/graphs_nedges/train_graphs/events_23800_to_23899_train.pt with 77 events
Event 23900...
Event 23925...
Event 23950...
Event 23975...
Saving chunk 239 to /eos/user/e/ebornand/DFEI/FullMC/npy_array/magdown/neutrals_with_id/graphs_nedges/train_graphs/events_23900_to_23999_train.pt with 88 events
Event 24000...
Event 24025...
Event 24050...
Event 24075...
Saving chunk 240 to /eos/user/e/ebornand/DFEI/FullMC/npy_array/magdown/neutrals_with_id/graphs_nedges/train_graphs/events_24000_to_24099_train.pt with 85 events
Event 24100...
Event 24125...
Event 24150...
Event 24175...
Saving chunk 241 to /eos/user/e/ebornand/DFEI/FullMC/npy_array/magdown/neutrals_with_id/graphs_nedges/train_graphs/events_24100_to_24199_train.pt with 82 events
Event 24200...
Event 24225...
Event 24250...
Event 24275...
Saving chunk 242 to /eos/user/e/ebornand/DFEI/FullMC/npy_array/magdown/neutrals_with_id/graphs_nedges/train_graphs/events_24200_to_24299_train.pt with 83 events
Event 24300...
Event 24325...
Event 24350...
Event 24375...
Saving chunk 243 to /eos/user/e/ebornand/DFEI/FullMC/npy_array/magdown/neutrals_with_id/graphs_nedges/train_graphs/events_24300_to_24399_train.pt with 85 events
Event 24400...
Event 24425...
Event 24450...
Event 24475...
Saving chunk 244 to /eos/user/e/ebornand/DFEI/FullMC/npy_array/magdown/neutrals_with_id/graphs_nedges/train_graphs/events_24400_to_24499_train.pt with 78 events
Event 24500...
Event 24525...
Event 24550...
Event 24575...
Saving chunk 245 to /eos/user/e/ebornand/DFEI/FullMC/npy_array/magdown/neutrals_with_id/graphs_nedges/train_graphs/events_24500_to_24599_train.pt with 87 events
Event 24600...
Event 24625...
Event 24650...
Event 24675...
Saving chunk 246 to /eos/user/e/ebornand/DFEI/FullMC/npy_array/magdown/neutrals_with_id/graphs_nedges/train_graphs/events_24600_to_24699_train.pt with 89 events
Event 24700...
Event 24725...
Event 24750...
Event 24775...
Saving chunk 247 to /eos/user/e/ebornand/DFEI/FullMC/npy_array/magdown/neutrals_with_id/graphs_nedges/train_graphs/events_24700_to_24799_train.pt with 88 events
Event 24800...
Event 24825...
Event 24850...
Event 24875...
Saving chunk 248 to /eos/user/e/ebornand/DFEI/FullMC/npy_array/magdown/neutrals_with_id/graphs_nedges/train_graphs/events_24800_to_24899_train.pt with 76 events
Event 24900...
Event 24925...
Event 24950...
Event 24975...
Saving chunk 249 to /eos/user/e/ebornand/DFEI/FullMC/npy_array/magdown/neutrals_with_id/graphs_nedges/train_graphs/events_24900_to_24999_train.pt with 89 events
Event 25000...
Event 25025...
Event 25050...
Event 25075...
Saving chunk 250 to /eos/user/e/ebornand/DFEI/FullMC/npy_array/magdown/neutrals_with_id/graphs_nedges/train_graphs/events_25000_to_25099_train.pt with 91 events
Event 25100...
Event 25125...
Event 25150...
Event 25175...
Saving chunk 251 to /eos/user/e/ebornand/DFEI/FullMC/npy_array/magdown/neutrals_with_id/graphs_nedges/train_graphs/events_25100_to_25199_train.pt with 85 events
Event 25200...
Event 25225...
Event 25250...
Event 25275...
Saving chunk 252 to /eos/user/e/ebornand/DFEI/FullMC/npy_array/magdown/neutrals_with_id/graphs_nedges/train_graphs/events_25200_to_25299_train.pt with 82 events
Event 25300...
Event 25325...
Event 25350...
Event 25375...
Saving chunk 253 to /eos/user/e/ebornand/DFEI/FullMC/npy_array/magdown/neutrals_with_id/graphs_nedges/train_graphs/events_25300_to_25399_train.pt with 90 events
Event 25400...
Event 25425...
Event 25450...
Event 25475...
Saving chunk 254 to /eos/user/e/ebornand/DFEI/FullMC/npy_array/magdown/neutrals_with_id/graphs_nedges/train_graphs/events_25400_to_25499_train.pt with 83 events
Event 25500...
Event 25525...
Event 25550...
Event 25575...
Saving chunk 255 to /eos/user/e/ebornand/DFEI/FullMC/npy_array/magdown/neutrals_with_id/graphs_nedges/train_graphs/events_25500_to_25599_train.pt with 88 events
Event 25600...
Event 25625...
Event 25650...
Event 25675...
Saving chunk 256 to /eos/user/e/ebornand/DFEI/FullMC/npy_array/magdown/neutrals_with_id/graphs_nedges/train_graphs/events_25600_to_25699_train.pt with 89 events
Event 25700...
Event 25725...
Event 25750...
Event 25775...
Saving chunk 257 to /eos/user/e/ebornand/DFEI/FullMC/npy_array/magdown/neutrals_with_id/graphs_nedges/train_graphs/events_25700_to_25799_train.pt with 82 events
Event 25800...
Event 25825...
Event 25850...
Event 25875...
Saving chunk 258 to /eos/user/e/ebornand/DFEI/FullMC/npy_array/magdown/neutrals_with_id/graphs_nedges/train_graphs/events_25800_to_25899_train.pt with 82 events
Event 25900...
Event 25925...
Event 25950...
Event 25975...
Saving chunk 259 to /eos/user/e/ebornand/DFEI/FullMC/npy_array/magdown/neutrals_with_id/graphs_nedges/train_graphs/events_25900_to_25999_train.pt with 88 events
Event 26000...
Event 26025...
Event 26050...
Event 26075...
Saving chunk 260 to /eos/user/e/ebornand/DFEI/FullMC/npy_array/magdown/neutrals_with_id/graphs_nedges/train_graphs/events_26000_to_26099_train.pt with 87 events
Event 26100...
Event 26125...
Event 26150...
Event 26175...
Saving chunk 261 to /eos/user/e/ebornand/DFEI/FullMC/npy_array/magdown/neutrals_with_id/graphs_nedges/train_graphs/events_26100_to_26199_train.pt with 88 events
Event 26200...
Event 26225...
Event 26250...
Event 26275...
Saving chunk 262 to /eos/user/e/ebornand/DFEI/FullMC/npy_array/magdown/neutrals_with_id/graphs_nedges/train_graphs/events_26200_to_26299_train.pt with 87 events
Event 26300...
Event 26325...
Event 26350...
Event 26375...
Saving chunk 263 to /eos/user/e/ebornand/DFEI/FullMC/npy_array/magdown/neutrals_with_id/graphs_nedges/train_graphs/events_26300_to_26399_train.pt with 87 events
Event 26400...
Event 26425...
Event 26450...
Event 26475...
Saving chunk 264 to /eos/user/e/ebornand/DFEI/FullMC/npy_array/magdown/neutrals_with_id/graphs_nedges/train_graphs/events_26400_to_26499_train.pt with 84 events
Event 26500...
Event 26525...
Event 26550...
Event 26575...
Saving chunk 265 to /eos/user/e/ebornand/DFEI/FullMC/npy_array/magdown/neutrals_with_id/graphs_nedges/train_graphs/events_26500_to_26599_train.pt with 79 events
Event 26600...
Event 26625...
Event 26650...
Event 26675...
Saving chunk 266 to /eos/user/e/ebornand/DFEI/FullMC/npy_array/magdown/neutrals_with_id/graphs_nedges/train_graphs/events_26600_to_26699_train.pt with 87 events
Event 26700...
Event 26725...
Event 26750...
Event 26775...
Saving chunk 267 to /eos/user/e/ebornand/DFEI/FullMC/npy_array/magdown/neutrals_with_id/graphs_nedges/train_graphs/events_26700_to_26799_train.pt with 90 events
Event 26800...
Event 26825...
Event 26850...
Event 26875...
Saving chunk 268 to /eos/user/e/ebornand/DFEI/FullMC/npy_array/magdown/neutrals_with_id/graphs_nedges/train_graphs/events_26800_to_26899_train.pt with 86 events
Event 26900...
Event 26925...
Event 26950...
Event 26975...
Saving chunk 269 to /eos/user/e/ebornand/DFEI/FullMC/npy_array/magdown/neutrals_with_id/graphs_nedges/train_graphs/events_26900_to_26999_train.pt with 85 events
Event 27000...
Event 27025...
Event 27050...
Event 27075...
Saving chunk 270 to /eos/user/e/ebornand/DFEI/FullMC/npy_array/magdown/neutrals_with_id/graphs_nedges/train_graphs/events_27000_to_27099_train.pt with 80 events
Event 27100...
Event 27125...
Event 27150...
Event 27175...
Saving chunk 271 to /eos/user/e/ebornand/DFEI/FullMC/npy_array/magdown/neutrals_with_id/graphs_nedges/train_graphs/events_27100_to_27199_train.pt with 83 events
Event 27200...
Event 27225...
Event 27250...
Event 27275...
Saving chunk 272 to /eos/user/e/ebornand/DFEI/FullMC/npy_array/magdown/neutrals_with_id/graphs_nedges/train_graphs/events_27200_to_27299_train.pt with 85 events
Event 27300...
Event 27325...
Event 27350...
Event 27375...
Saving chunk 273 to /eos/user/e/ebornand/DFEI/FullMC/npy_array/magdown/neutrals_with_id/graphs_nedges/train_graphs/events_27300_to_27399_train.pt with 82 events
Event 27400...
Event 27425...
Event 27450...
Event 27475...
Saving chunk 274 to /eos/user/e/ebornand/DFEI/FullMC/npy_array/magdown/neutrals_with_id/graphs_nedges/train_graphs/events_27400_to_27499_train.pt with 84 events
Event 27500...
Event 27525...
Event 27550...
Event 27575...
Saving chunk 275 to /eos/user/e/ebornand/DFEI/FullMC/npy_array/magdown/neutrals_with_id/graphs_nedges/train_graphs/events_27500_to_27599_train.pt with 88 events
Event 27600...
Event 27625...
Event 27650...
Event 27675...
Saving chunk 276 to /eos/user/e/ebornand/DFEI/FullMC/npy_array/magdown/neutrals_with_id/graphs_nedges/train_graphs/events_27600_to_27699_train.pt with 85 events
Event 27700...
Event 27725...
Event 27750...
Event 27775...
Saving chunk 277 to /eos/user/e/ebornand/DFEI/FullMC/npy_array/magdown/neutrals_with_id/graphs_nedges/train_graphs/events_27700_to_27799_train.pt with 84 events
Event 27800...
Event 27825...
Event 27850...
Event 27875...
Saving chunk 278 to /eos/user/e/ebornand/DFEI/FullMC/npy_array/magdown/neutrals_with_id/graphs_nedges/train_graphs/events_27800_to_27899_train.pt with 83 events
Event 27900...
Event 27925...
Event 27950...
Event 27975...
Saving chunk 279 to /eos/user/e/ebornand/DFEI/FullMC/npy_array/magdown/neutrals_with_id/graphs_nedges/train_graphs/events_27900_to_27999_train.pt with 90 events
Event 28000...
Event 28025...
Event 28050...
Event 28075...
Saving chunk 280 to /eos/user/e/ebornand/DFEI/FullMC/npy_array/magdown/neutrals_with_id/graphs_nedges/train_graphs/events_28000_to_28099_train.pt with 88 events
Event 28100...
Event 28125...
Event 28150...
Event 28175...
Saving chunk 281 to /eos/user/e/ebornand/DFEI/FullMC/npy_array/magdown/neutrals_with_id/graphs_nedges/train_graphs/events_28100_to_28199_train.pt with 89 events
Event 28200...
Event 28225...
Event 28250...
Event 28275...
Saving chunk 282 to /eos/user/e/ebornand/DFEI/FullMC/npy_array/magdown/neutrals_with_id/graphs_nedges/train_graphs/events_28200_to_28299_train.pt with 83 events
Event 28300...
Event 28325...
Event 28350...
Event 28375...
Saving chunk 283 to /eos/user/e/ebornand/DFEI/FullMC/npy_array/magdown/neutrals_with_id/graphs_nedges/train_graphs/events_28300_to_28399_train.pt with 83 events
Event 28400...
Event 28425...
Event 28450...
Event 28475...
Saving chunk 284 to /eos/user/e/ebornand/DFEI/FullMC/npy_array/magdown/neutrals_with_id/graphs_nedges/train_graphs/events_28400_to_28499_train.pt with 77 events
Event 28500...
Event 28525...
Event 28550...
Event 28575...
Saving chunk 285 to /eos/user/e/ebornand/DFEI/FullMC/npy_array/magdown/neutrals_with_id/graphs_nedges/train_graphs/events_28500_to_28599_train.pt with 84 events
Event 28600...
Event 28625...
Event 28650...
Event 28675...
Saving chunk 286 to /eos/user/e/ebornand/DFEI/FullMC/npy_array/magdown/neutrals_with_id/graphs_nedges/train_graphs/events_28600_to_28699_train.pt with 82 events
Event 28700...
Event 28725...
Event 28750...
Event 28775...
Saving chunk 287 to /eos/user/e/ebornand/DFEI/FullMC/npy_array/magdown/neutrals_with_id/graphs_nedges/train_graphs/events_28700_to_28799_train.pt with 89 events
Event 28800...
Event 28825...
Event 28850...
Event 28875...
Saving chunk 288 to /eos/user/e/ebornand/DFEI/FullMC/npy_array/magdown/neutrals_with_id/graphs_nedges/train_graphs/events_28800_to_28899_train.pt with 88 events
Event 28900...
Event 28925...
Event 28950...
Event 28975...
Saving chunk 289 to /eos/user/e/ebornand/DFEI/FullMC/npy_array/magdown/neutrals_with_id/graphs_nedges/train_graphs/events_28900_to_28999_train.pt with 90 events
Event 29000...
Event 29025...
Event 29050...
Event 29075...
Saving chunk 290 to /eos/user/e/ebornand/DFEI/FullMC/npy_array/magdown/neutrals_with_id/graphs_nedges/train_graphs/events_29000_to_29099_train.pt with 94 events
Event 29100...
Event 29125...
Event 29150...
Event 29175...
Saving chunk 291 to /eos/user/e/ebornand/DFEI/FullMC/npy_array/magdown/neutrals_with_id/graphs_nedges/train_graphs/events_29100_to_29199_train.pt with 87 events
Event 29200...
Event 29225...
Event 29250...
Event 29275...
Saving chunk 292 to /eos/user/e/ebornand/DFEI/FullMC/npy_array/magdown/neutrals_with_id/graphs_nedges/train_graphs/events_29200_to_29299_train.pt with 84 events
Event 29300...
Event 29325...
Event 29350...
Event 29375...
Saving chunk 293 to /eos/user/e/ebornand/DFEI/FullMC/npy_array/magdown/neutrals_with_id/graphs_nedges/train_graphs/events_29300_to_29399_train.pt with 88 events
Event 29400...
Event 29425...
Event 29450...
Event 29475...
Saving chunk 294 to /eos/user/e/ebornand/DFEI/FullMC/npy_array/magdown/neutrals_with_id/graphs_nedges/train_graphs/events_29400_to_29499_train.pt with 81 events
Event 29500...
Event 29525...
Event 29550...
Event 29575...
Saving chunk 295 to /eos/user/e/ebornand/DFEI/FullMC/npy_array/magdown/neutrals_with_id/graphs_nedges/train_graphs/events_29500_to_29599_train.pt with 86 events
Event 29600...
Event 29625...
Event 29650...
Event 29675...
Saving chunk 296 to /eos/user/e/ebornand/DFEI/FullMC/npy_array/magdown/neutrals_with_id/graphs_nedges/train_graphs/events_29600_to_29699_train.pt with 87 events
Event 29700...
Event 29725...
Event 29750...
Event 29775...
Saving chunk 297 to /eos/user/e/ebornand/DFEI/FullMC/npy_array/magdown/neutrals_with_id/graphs_nedges/train_graphs/events_29700_to_29799_train.pt with 81 events
Event 29800...
Event 29825...
Event 29850...
Event 29875...
Saving chunk 298 to /eos/user/e/ebornand/DFEI/FullMC/npy_array/magdown/neutrals_with_id/graphs_nedges/train_graphs/events_29800_to_29899_train.pt with 82 events
Event 29900...
Event 29925...
Event 29950...
Event 29975...
Saving chunk 299 to /eos/user/e/ebornand/DFEI/FullMC/npy_array/magdown/neutrals_with_id/graphs_nedges/train_graphs/events_29900_to_29999_train.pt with 83 events
Event 30000...
Event 30025...
Event 30050...
Event 30075...
Saving chunk 300 to /eos/user/e/ebornand/DFEI/FullMC/npy_array/magdown/neutrals_with_id/graphs_nedges/train_graphs/events_30000_to_30099_train.pt with 83 events
Event 30100...
Event 30125...
Event 30150...
Event 30175...
Saving chunk 301 to /eos/user/e/ebornand/DFEI/FullMC/npy_array/magdown/neutrals_with_id/graphs_nedges/train_graphs/events_30100_to_30199_train.pt with 79 events
Event 30200...
Event 30225...
Event 30250...
Event 30275...
Saving chunk 302 to /eos/user/e/ebornand/DFEI/FullMC/npy_array/magdown/neutrals_with_id/graphs_nedges/train_graphs/events_30200_to_30299_train.pt with 87 events
Event 30300...
Event 30325...
Event 30350...
Event 30375...
Saving chunk 303 to /eos/user/e/ebornand/DFEI/FullMC/npy_array/magdown/neutrals_with_id/graphs_nedges/train_graphs/events_30300_to_30399_train.pt with 75 events
Event 30400...
Event 30425...
Event 30450...
Event 30475...
Saving chunk 304 to /eos/user/e/ebornand/DFEI/FullMC/npy_array/magdown/neutrals_with_id/graphs_nedges/train_graphs/events_30400_to_30499_train.pt with 88 events
Event 30500...
Event 30525...
Event 30550...
Event 30575...
Saving chunk 305 to /eos/user/e/ebornand/DFEI/FullMC/npy_array/magdown/neutrals_with_id/graphs_nedges/train_graphs/events_30500_to_30599_train.pt with 79 events
Event 30600...
Event 30625...
Event 30650...
Event 30675...
Saving chunk 306 to /eos/user/e/ebornand/DFEI/FullMC/npy_array/magdown/neutrals_with_id/graphs_nedges/train_graphs/events_30600_to_30699_train.pt with 86 events
Event 30700...
Event 30725...
Event 30750...
Event 30775...
Saving chunk 307 to /eos/user/e/ebornand/DFEI/FullMC/npy_array/magdown/neutrals_with_id/graphs_nedges/train_graphs/events_30700_to_30799_train.pt with 84 events
Event 30800...
Event 30825...
Event 30850...
Event 30875...
Saving chunk 308 to /eos/user/e/ebornand/DFEI/FullMC/npy_array/magdown/neutrals_with_id/graphs_nedges/train_graphs/events_30800_to_30899_train.pt with 88 events
Event 30900...
Event 30925...
Event 30950...
Event 30975...
Saving chunk 309 to /eos/user/e/ebornand/DFEI/FullMC/npy_array/magdown/neutrals_with_id/graphs_nedges/train_graphs/events_30900_to_30999_train.pt with 81 events
Event 31000...
Event 31025...
Event 31050...
Event 31075...
Saving chunk 310 to /eos/user/e/ebornand/DFEI/FullMC/npy_array/magdown/neutrals_with_id/graphs_nedges/train_graphs/events_31000_to_31099_train.pt with 86 events
Event 31100...
Event 31125...
Event 31150...
Event 31175...
Saving chunk 311 to /eos/user/e/ebornand/DFEI/FullMC/npy_array/magdown/neutrals_with_id/graphs_nedges/train_graphs/events_31100_to_31199_train.pt with 90 events
Event 31200...
Event 31225...
Event 31250...
Event 31275...
Saving chunk 312 to /eos/user/e/ebornand/DFEI/FullMC/npy_array/magdown/neutrals_with_id/graphs_nedges/train_graphs/events_31200_to_31299_train.pt with 79 events
Event 31300...
Event 31325...
Event 31350...
Event 31375...
Saving chunk 313 to /eos/user/e/ebornand/DFEI/FullMC/npy_array/magdown/neutrals_with_id/graphs_nedges/train_graphs/events_31300_to_31399_train.pt with 84 events
Event 31400...
Event 31425...
Event 31450...
Event 31475...
Saving chunk 314 to /eos/user/e/ebornand/DFEI/FullMC/npy_array/magdown/neutrals_with_id/graphs_nedges/train_graphs/events_31400_to_31499_train.pt with 87 events
Event 31500...
Event 31525...
Event 31550...
Event 31575...
Saving chunk 315 to /eos/user/e/ebornand/DFEI/FullMC/npy_array/magdown/neutrals_with_id/graphs_nedges/train_graphs/events_31500_to_31599_train.pt with 86 events
Event 31600...
Event 31625...
Event 31650...
Event 31675...
Saving chunk 316 to /eos/user/e/ebornand/DFEI/FullMC/npy_array/magdown/neutrals_with_id/graphs_nedges/train_graphs/events_31600_to_31699_train.pt with 90 events
Event 31700...
Event 31725...
Event 31750...
Event 31775...
Saving chunk 317 to /eos/user/e/ebornand/DFEI/FullMC/npy_array/magdown/neutrals_with_id/graphs_nedges/train_graphs/events_31700_to_31799_train.pt with 85 events
Event 31800...
Event 31825...
Event 31850...
Event 31875...
Saving chunk 318 to /eos/user/e/ebornand/DFEI/FullMC/npy_array/magdown/neutrals_with_id/graphs_nedges/train_graphs/events_31800_to_31899_train.pt with 82 events
Event 31900...
Event 31925...
Event 31950...
Event 31975...
Saving chunk 319 to /eos/user/e/ebornand/DFEI/FullMC/npy_array/magdown/neutrals_with_id/graphs_nedges/train_graphs/events_31900_to_31999_train.pt with 75 events
Event 32000...
Event 32025...
Event 32050...
Event 32075...
Saving chunk 320 to /eos/user/e/ebornand/DFEI/FullMC/npy_array/magdown/neutrals_with_id/graphs_nedges/train_graphs/events_32000_to_32099_train.pt with 79 events
Event 32100...
Event 32125...
Event 32150...
Event 32175...
Saving chunk 321 to /eos/user/e/ebornand/DFEI/FullMC/npy_array/magdown/neutrals_with_id/graphs_nedges/train_graphs/events_32100_to_32199_train.pt with 86 events
Event 32200...
Event 32225...
Event 32250...
Event 32275...
Saving chunk 322 to /eos/user/e/ebornand/DFEI/FullMC/npy_array/magdown/neutrals_with_id/graphs_nedges/train_graphs/events_32200_to_32299_train.pt with 90 events
Event 32300...
Event 32325...
Event 32350...
Event 32375...
Saving chunk 323 to /eos/user/e/ebornand/DFEI/FullMC/npy_array/magdown/neutrals_with_id/graphs_nedges/train_graphs/events_32300_to_32399_train.pt with 90 events
Event 32400...
Event 32425...
Event 32450...
Event 32475...
Saving chunk 324 to /eos/user/e/ebornand/DFEI/FullMC/npy_array/magdown/neutrals_with_id/graphs_nedges/train_graphs/events_32400_to_32499_train.pt with 88 events
Event 32500...
Event 32525...
Event 32550...
Event 32575...
Saving chunk 325 to /eos/user/e/ebornand/DFEI/FullMC/npy_array/magdown/neutrals_with_id/graphs_nedges/train_graphs/events_32500_to_32599_train.pt with 83 events
Event 32600...
Event 32625...
Event 32650...
Event 32675...
Saving chunk 326 to /eos/user/e/ebornand/DFEI/FullMC/npy_array/magdown/neutrals_with_id/graphs_nedges/train_graphs/events_32600_to_32699_train.pt with 84 events
Event 32700...
Event 32725...
Event 32750...
Event 32775...
Saving chunk 327 to /eos/user/e/ebornand/DFEI/FullMC/npy_array/magdown/neutrals_with_id/graphs_nedges/train_graphs/events_32700_to_32799_train.pt with 83 events
Event 32800...
Event 32825...
Event 32850...
Event 32875...
Saving chunk 328 to /eos/user/e/ebornand/DFEI/FullMC/npy_array/magdown/neutrals_with_id/graphs_nedges/train_graphs/events_32800_to_32899_train.pt with 83 events
Event 32900...
Event 32925...
Event 32950...
Event 32975...
Saving chunk 329 to /eos/user/e/ebornand/DFEI/FullMC/npy_array/magdown/neutrals_with_id/graphs_nedges/train_graphs/events_32900_to_32999_train.pt with 89 events
Event 33000...
Event 33025...
Event 33050...
Event 33075...
Saving chunk 330 to /eos/user/e/ebornand/DFEI/FullMC/npy_array/magdown/neutrals_with_id/graphs_nedges/train_graphs/events_33000_to_33099_train.pt with 85 events
Event 33100...
Event 33125...
Event 33150...
Event 33175...
Saving chunk 331 to /eos/user/e/ebornand/DFEI/FullMC/npy_array/magdown/neutrals_with_id/graphs_nedges/train_graphs/events_33100_to_33199_train.pt with 89 events
Event 33200...
Event 33225...
Event 33250...
Event 33275...
Saving chunk 332 to /eos/user/e/ebornand/DFEI/FullMC/npy_array/magdown/neutrals_with_id/graphs_nedges/train_graphs/events_33200_to_33299_train.pt with 87 events
Event 33300...
Event 33325...
Event 33350...
Event 33375...
Saving chunk 333 to /eos/user/e/ebornand/DFEI/FullMC/npy_array/magdown/neutrals_with_id/graphs_nedges/train_graphs/events_33300_to_33399_train.pt with 81 events
Event 33400...
Event 33425...
Event 33450...
Event 33475...
Saving chunk 334 to /eos/user/e/ebornand/DFEI/FullMC/npy_array/magdown/neutrals_with_id/graphs_nedges/train_graphs/events_33400_to_33499_train.pt with 92 events
Event 33500...
Event 33525...
Event 33550...
Event 33575...
Saving chunk 335 to /eos/user/e/ebornand/DFEI/FullMC/npy_array/magdown/neutrals_with_id/graphs_nedges/train_graphs/events_33500_to_33599_train.pt with 85 events
Event 33600...
Event 33625...
Event 33650...
Event 33675...
Saving chunk 336 to /eos/user/e/ebornand/DFEI/FullMC/npy_array/magdown/neutrals_with_id/graphs_nedges/train_graphs/events_33600_to_33699_train.pt with 87 events
Event 33700...
Event 33725...
Event 33750...
Event 33775...
Saving chunk 337 to /eos/user/e/ebornand/DFEI/FullMC/npy_array/magdown/neutrals_with_id/graphs_nedges/train_graphs/events_33700_to_33799_train.pt with 88 events
Event 33800...
Event 33825...
Event 33850...
Event 33875...
Saving chunk 338 to /eos/user/e/ebornand/DFEI/FullMC/npy_array/magdown/neutrals_with_id/graphs_nedges/train_graphs/events_33800_to_33899_train.pt with 90 events
Event 33900...
Event 33925...
Event 33950...
Event 33975...
Saving chunk 339 to /eos/user/e/ebornand/DFEI/FullMC/npy_array/magdown/neutrals_with_id/graphs_nedges/train_graphs/events_33900_to_33999_train.pt with 78 events
Event 34000...
Event 34025...
Event 34050...
Event 34075...
Saving chunk 340 to /eos/user/e/ebornand/DFEI/FullMC/npy_array/magdown/neutrals_with_id/graphs_nedges/train_graphs/events_34000_to_34099_train.pt with 80 events
Event 34100...
Event 34125...
Event 34150...
Event 34175...
Saving chunk 341 to /eos/user/e/ebornand/DFEI/FullMC/npy_array/magdown/neutrals_with_id/graphs_nedges/train_graphs/events_34100_to_34199_train.pt with 86 events
Event 34200...
Event 34225...
Event 34250...
Event 34275...
Saving chunk 342 to /eos/user/e/ebornand/DFEI/FullMC/npy_array/magdown/neutrals_with_id/graphs_nedges/train_graphs/events_34200_to_34299_train.pt with 84 events
Event 34300...
Event 34325...
Event 34350...
Event 34375...
Saving chunk 343 to /eos/user/e/ebornand/DFEI/FullMC/npy_array/magdown/neutrals_with_id/graphs_nedges/train_graphs/events_34300_to_34399_train.pt with 80 events
Event 34400...
Event 34425...
Event 34450...
Event 34475...
Saving chunk 344 to /eos/user/e/ebornand/DFEI/FullMC/npy_array/magdown/neutrals_with_id/graphs_nedges/train_graphs/events_34400_to_34499_train.pt with 91 events
Event 34500...
Event 34525...
Event 34550...
Event 34575...
Saving chunk 345 to /eos/user/e/ebornand/DFEI/FullMC/npy_array/magdown/neutrals_with_id/graphs_nedges/train_graphs/events_34500_to_34599_train.pt with 81 events
Event 34600...
Event 34625...
Event 34650...
Event 34675...
Saving chunk 346 to /eos/user/e/ebornand/DFEI/FullMC/npy_array/magdown/neutrals_with_id/graphs_nedges/train_graphs/events_34600_to_34699_train.pt with 88 events
Event 34700...
Event 34725...
Event 34750...
Event 34775...
Saving chunk 347 to /eos/user/e/ebornand/DFEI/FullMC/npy_array/magdown/neutrals_with_id/graphs_nedges/train_graphs/events_34700_to_34799_train.pt with 78 events
Event 34800...
Event 34825...
Event 34850...
Event 34875...
Saving chunk 348 to /eos/user/e/ebornand/DFEI/FullMC/npy_array/magdown/neutrals_with_id/graphs_nedges/train_graphs/events_34800_to_34899_train.pt with 83 events
Event 34900...
Event 34925...
Event 34950...
Event 34975...
Saving chunk 349 to /eos/user/e/ebornand/DFEI/FullMC/npy_array/magdown/neutrals_with_id/graphs_nedges/train_graphs/events_34900_to_34999_train.pt with 85 events
Event 35000...
Event 35025...
Event 35050...
Event 35075...
Saving chunk 350 to /eos/user/e/ebornand/DFEI/FullMC/npy_array/magdown/neutrals_with_id/graphs_nedges/train_graphs/events_35000_to_35099_train.pt with 87 events
Event 35100...
Event 35125...
Event 35150...
Event 35175...
Saving chunk 351 to /eos/user/e/ebornand/DFEI/FullMC/npy_array/magdown/neutrals_with_id/graphs_nedges/train_graphs/events_35100_to_35199_train.pt with 84 events
Event 35200...
Event 35225...
Event 35250...
Event 35275...
Saving chunk 352 to /eos/user/e/ebornand/DFEI/FullMC/npy_array/magdown/neutrals_with_id/graphs_nedges/train_graphs/events_35200_to_35299_train.pt with 90 events
Event 35300...
Event 35325...
Event 35350...
Event 35375...
Saving chunk 353 to /eos/user/e/ebornand/DFEI/FullMC/npy_array/magdown/neutrals_with_id/graphs_nedges/train_graphs/events_35300_to_35399_train.pt with 88 events
Event 35400...
Event 35425...
Event 35450...
Event 35475...
Saving chunk 354 to /eos/user/e/ebornand/DFEI/FullMC/npy_array/magdown/neutrals_with_id/graphs_nedges/train_graphs/events_35400_to_35499_train.pt with 85 events
Event 35500...
Event 35525...
Event 35550...
Event 35575...
Saving chunk 355 to /eos/user/e/ebornand/DFEI/FullMC/npy_array/magdown/neutrals_with_id/graphs_nedges/train_graphs/events_35500_to_35599_train.pt with 85 events
Event 35600...
Event 35625...
Event 35650...
Event 35675...
Saving chunk 356 to /eos/user/e/ebornand/DFEI/FullMC/npy_array/magdown/neutrals_with_id/graphs_nedges/train_graphs/events_35600_to_35699_train.pt with 80 events
Event 35700...
Event 35725...
Event 35750...
Event 35775...
Saving chunk 357 to /eos/user/e/ebornand/DFEI/FullMC/npy_array/magdown/neutrals_with_id/graphs_nedges/train_graphs/events_35700_to_35799_train.pt with 84 events
Event 35800...
Event 35825...
Event 35850...
Event 35875...
Saving chunk 358 to /eos/user/e/ebornand/DFEI/FullMC/npy_array/magdown/neutrals_with_id/graphs_nedges/train_graphs/events_35800_to_35899_train.pt with 80 events
Event 35900...
Event 35925...
Event 35950...
Event 35975...
Saving chunk 359 to /eos/user/e/ebornand/DFEI/FullMC/npy_array/magdown/neutrals_with_id/graphs_nedges/train_graphs/events_35900_to_35999_train.pt with 89 events
Event 36000...
Event 36025...
Event 36050...
Event 36075...
Saving chunk 360 to /eos/user/e/ebornand/DFEI/FullMC/npy_array/magdown/neutrals_with_id/graphs_nedges/train_graphs/events_36000_to_36099_train.pt with 88 events
Event 36100...
Event 36125...
Event 36150...
Event 36175...
Saving chunk 361 to /eos/user/e/ebornand/DFEI/FullMC/npy_array/magdown/neutrals_with_id/graphs_nedges/train_graphs/events_36100_to_36199_train.pt with 87 events
Event 36200...
Event 36225...
Event 36250...
Event 36275...
Saving chunk 362 to /eos/user/e/ebornand/DFEI/FullMC/npy_array/magdown/neutrals_with_id/graphs_nedges/train_graphs/events_36200_to_36299_train.pt with 88 events
Event 36300...
Event 36325...
Event 36350...
Event 36375...
Saving chunk 363 to /eos/user/e/ebornand/DFEI/FullMC/npy_array/magdown/neutrals_with_id/graphs_nedges/train_graphs/events_36300_to_36399_train.pt with 76 events
Event 36400...
Event 36425...
Event 36450...
Event 36475...
Saving chunk 364 to /eos/user/e/ebornand/DFEI/FullMC/npy_array/magdown/neutrals_with_id/graphs_nedges/train_graphs/events_36400_to_36499_train.pt with 88 events
Event 36500...
Event 36525...
Event 36550...
Event 36575...
Saving chunk 365 to /eos/user/e/ebornand/DFEI/FullMC/npy_array/magdown/neutrals_with_id/graphs_nedges/train_graphs/events_36500_to_36599_train.pt with 85 events
Event 36600...
Event 36625...
Event 36650...
Event 36675...
Saving chunk 366 to /eos/user/e/ebornand/DFEI/FullMC/npy_array/magdown/neutrals_with_id/graphs_nedges/train_graphs/events_36600_to_36699_train.pt with 87 events
Event 36700...
Event 36725...
Event 36750...
Event 36775...
Saving chunk 367 to /eos/user/e/ebornand/DFEI/FullMC/npy_array/magdown/neutrals_with_id/graphs_nedges/train_graphs/events_36700_to_36799_train.pt with 91 events
Event 36800...
Event 36825...
Event 36850...
Event 36875...
Saving chunk 368 to /eos/user/e/ebornand/DFEI/FullMC/npy_array/magdown/neutrals_with_id/graphs_nedges/train_graphs/events_36800_to_36899_train.pt with 88 events
Event 36900...
Event 36925...
Event 36950...
Event 36975...
Saving chunk 369 to /eos/user/e/ebornand/DFEI/FullMC/npy_array/magdown/neutrals_with_id/graphs_nedges/train_graphs/events_36900_to_36999_train.pt with 83 events
Event 37000...
Event 37025...
Event 37050...
Event 37075...
Saving chunk 370 to /eos/user/e/ebornand/DFEI/FullMC/npy_array/magdown/neutrals_with_id/graphs_nedges/train_graphs/events_37000_to_37099_train.pt with 85 events
Event 37100...
Event 37125...
Event 37150...
Event 37175...
Saving chunk 371 to /eos/user/e/ebornand/DFEI/FullMC/npy_array/magdown/neutrals_with_id/graphs_nedges/train_graphs/events_37100_to_37199_train.pt with 89 events
Event 37200...
Event 37225...
Event 37250...
Event 37275...
Saving chunk 372 to /eos/user/e/ebornand/DFEI/FullMC/npy_array/magdown/neutrals_with_id/graphs_nedges/train_graphs/events_37200_to_37299_train.pt with 89 events
Event 37300...
Event 37325...
Event 37350...
Event 37375...
Saving chunk 373 to /eos/user/e/ebornand/DFEI/FullMC/npy_array/magdown/neutrals_with_id/graphs_nedges/train_graphs/events_37300_to_37399_train.pt with 85 events
Event 37400...
Event 37425...
Event 37450...
Event 37475...
Saving chunk 374 to /eos/user/e/ebornand/DFEI/FullMC/npy_array/magdown/neutrals_with_id/graphs_nedges/train_graphs/events_37400_to_37499_train.pt with 86 events
Event 37500...
Event 37525...
Event 37550...
Event 37575...
Saving chunk 375 to /eos/user/e/ebornand/DFEI/FullMC/npy_array/magdown/neutrals_with_id/graphs_nedges/train_graphs/events_37500_to_37599_train.pt with 94 events
Event 37600...
Event 37625...
Event 37650...
Event 37675...
Saving chunk 376 to /eos/user/e/ebornand/DFEI/FullMC/npy_array/magdown/neutrals_with_id/graphs_nedges/train_graphs/events_37600_to_37699_train.pt with 86 events
Event 37700...
Event 37725...
Event 37750...
Event 37775...
Saving chunk 377 to /eos/user/e/ebornand/DFEI/FullMC/npy_array/magdown/neutrals_with_id/graphs_nedges/train_graphs/events_37700_to_37799_train.pt with 88 events
Event 37800...
Event 37825...
Event 37850...
Event 37875...
Saving chunk 378 to /eos/user/e/ebornand/DFEI/FullMC/npy_array/magdown/neutrals_with_id/graphs_nedges/train_graphs/events_37800_to_37899_train.pt with 83 events
Event 37900...
Event 37925...
Event 37950...
Event 37975...
Saving chunk 379 to /eos/user/e/ebornand/DFEI/FullMC/npy_array/magdown/neutrals_with_id/graphs_nedges/train_graphs/events_37900_to_37999_train.pt with 91 events
Event 38000...
Event 38025...
Event 38050...
Event 38075...
Saving chunk 380 to /eos/user/e/ebornand/DFEI/FullMC/npy_array/magdown/neutrals_with_id/graphs_nedges/train_graphs/events_38000_to_38099_train.pt with 91 events
Event 38100...
Event 38125...
Event 38150...
Event 38175...
Saving chunk 381 to /eos/user/e/ebornand/DFEI/FullMC/npy_array/magdown/neutrals_with_id/graphs_nedges/train_graphs/events_38100_to_38199_train.pt with 87 events
Event 38200...
Event 38225...
Event 38250...
Event 38275...
Saving chunk 382 to /eos/user/e/ebornand/DFEI/FullMC/npy_array/magdown/neutrals_with_id/graphs_nedges/train_graphs/events_38200_to_38299_train.pt with 88 events
Event 38300...
Event 38325...
Event 38350...
Event 38375...
Saving chunk 383 to /eos/user/e/ebornand/DFEI/FullMC/npy_array/magdown/neutrals_with_id/graphs_nedges/train_graphs/events_38300_to_38399_train.pt with 88 events
Event 38400...
Event 38425...
Event 38450...
Event 38475...
Saving chunk 384 to /eos/user/e/ebornand/DFEI/FullMC/npy_array/magdown/neutrals_with_id/graphs_nedges/train_graphs/events_38400_to_38499_train.pt with 83 events
Event 38500...
Event 38525...
Event 38550...
Event 38575...
Saving chunk 385 to /eos/user/e/ebornand/DFEI/FullMC/npy_array/magdown/neutrals_with_id/graphs_nedges/train_graphs/events_38500_to_38599_train.pt with 84 events
Event 38600...
Event 38625...
Event 38650...
Event 38675...
Saving chunk 386 to /eos/user/e/ebornand/DFEI/FullMC/npy_array/magdown/neutrals_with_id/graphs_nedges/train_graphs/events_38600_to_38699_train.pt with 86 events
Event 38700...
Event 38725...
Event 38750...
Event 38775...
Saving chunk 387 to /eos/user/e/ebornand/DFEI/FullMC/npy_array/magdown/neutrals_with_id/graphs_nedges/train_graphs/events_38700_to_38799_train.pt with 82 events
Event 38800...
Event 38825...
Event 38850...
Event 38875...
Saving chunk 388 to /eos/user/e/ebornand/DFEI/FullMC/npy_array/magdown/neutrals_with_id/graphs_nedges/train_graphs/events_38800_to_38899_train.pt with 89 events
Event 38900...
Event 38925...
Event 38950...
Event 38975...
Saving chunk 389 to /eos/user/e/ebornand/DFEI/FullMC/npy_array/magdown/neutrals_with_id/graphs_nedges/train_graphs/events_38900_to_38999_train.pt with 83 events
Event 39000...
Event 39025...
Event 39050...
Event 39075...
Saving chunk 390 to /eos/user/e/ebornand/DFEI/FullMC/npy_array/magdown/neutrals_with_id/graphs_nedges/train_graphs/events_39000_to_39099_train.pt with 86 events
Event 39100...
Event 39125...
Event 39150...
Event 39175...
Saving chunk 391 to /eos/user/e/ebornand/DFEI/FullMC/npy_array/magdown/neutrals_with_id/graphs_nedges/train_graphs/events_39100_to_39199_train.pt with 86 events
Event 39200...
Event 39225...
Event 39250...
Event 39275...
Saving chunk 392 to /eos/user/e/ebornand/DFEI/FullMC/npy_array/magdown/neutrals_with_id/graphs_nedges/train_graphs/events_39200_to_39299_train.pt with 89 events
Event 39300...
Event 39325...
Event 39350...
Event 39375...
Saving chunk 393 to /eos/user/e/ebornand/DFEI/FullMC/npy_array/magdown/neutrals_with_id/graphs_nedges/train_graphs/events_39300_to_39399_train.pt with 90 events
Event 39400...
Event 39425...
Event 39450...
Event 39475...
Saving chunk 394 to /eos/user/e/ebornand/DFEI/FullMC/npy_array/magdown/neutrals_with_id/graphs_nedges/train_graphs/events_39400_to_39499_train.pt with 80 events
Event 39500...
Event 39525...
Event 39550...
Event 39575...
Saving chunk 395 to /eos/user/e/ebornand/DFEI/FullMC/npy_array/magdown/neutrals_with_id/graphs_nedges/train_graphs/events_39500_to_39599_train.pt with 84 events
Event 39600...
Event 39625...
Event 39650...
Event 39675...
Saving chunk 396 to /eos/user/e/ebornand/DFEI/FullMC/npy_array/magdown/neutrals_with_id/graphs_nedges/train_graphs/events_39600_to_39699_train.pt with 86 events
Event 39700...
Event 39725...
Event 39750...
Event 39775...
Saving chunk 397 to /eos/user/e/ebornand/DFEI/FullMC/npy_array/magdown/neutrals_with_id/graphs_nedges/train_graphs/events_39700_to_39799_train.pt with 79 events
Event 39800...
Event 39825...
Event 39850...
Event 39875...
Saving chunk 398 to /eos/user/e/ebornand/DFEI/FullMC/npy_array/magdown/neutrals_with_id/graphs_nedges/train_graphs/events_39800_to_39899_train.pt with 84 events
Event 39900...
Event 39925...
Event 39950...
Event 39975...
Saving chunk 399 to /eos/user/e/ebornand/DFEI/FullMC/npy_array/magdown/neutrals_with_id/graphs_nedges/train_graphs/events_39900_to_39999_train.pt with 86 events
Event 40000...
Event 40025...
Event 40050...
Event 40075...
Saving chunk 400 to /eos/user/e/ebornand/DFEI/FullMC/npy_array/magdown/neutrals_with_id/graphs_nedges/train_graphs/events_40000_to_40099_train.pt with 85 events
Event 40100...
Event 40125...
Event 40150...
Event 40175...
Saving chunk 401 to /eos/user/e/ebornand/DFEI/FullMC/npy_array/magdown/neutrals_with_id/graphs_nedges/train_graphs/events_40100_to_40199_train.pt with 83 events
Event 40200...
Event 40225...
Event 40250...
Event 40275...
Saving chunk 402 to /eos/user/e/ebornand/DFEI/FullMC/npy_array/magdown/neutrals_with_id/graphs_nedges/train_graphs/events_40200_to_40299_train.pt with 84 events
Event 40300...
Event 40325...
Event 40350...
Event 40375...
Saving chunk 403 to /eos/user/e/ebornand/DFEI/FullMC/npy_array/magdown/neutrals_with_id/graphs_nedges/train_graphs/events_40300_to_40399_train.pt with 85 events
Event 40400...
Event 40425...
Event 40450...
Event 40475...
Saving chunk 404 to /eos/user/e/ebornand/DFEI/FullMC/npy_array/magdown/neutrals_with_id/graphs_nedges/train_graphs/events_40400_to_40499_train.pt with 85 events
Event 40500...
Event 40525...
Event 40550...
Event 40575...
Saving chunk 405 to /eos/user/e/ebornand/DFEI/FullMC/npy_array/magdown/neutrals_with_id/graphs_nedges/train_graphs/events_40500_to_40599_train.pt with 87 events
Event 40600...
Event 40625...
Event 40650...
Event 40675...
Saving chunk 406 to /eos/user/e/ebornand/DFEI/FullMC/npy_array/magdown/neutrals_with_id/graphs_nedges/train_graphs/events_40600_to_40699_train.pt with 92 events
Event 40700...
Event 40725...
Event 40750...
Event 40775...
Saving chunk 407 to /eos/user/e/ebornand/DFEI/FullMC/npy_array/magdown/neutrals_with_id/graphs_nedges/train_graphs/events_40700_to_40799_train.pt with 84 events
Event 40800...
Event 40825...
Event 40850...
Event 40875...
Saving chunk 408 to /eos/user/e/ebornand/DFEI/FullMC/npy_array/magdown/neutrals_with_id/graphs_nedges/train_graphs/events_40800_to_40899_train.pt with 88 events
Event 40900...
Event 40925...
Event 40950...
Event 40975...
Saving chunk 409 to /eos/user/e/ebornand/DFEI/FullMC/npy_array/magdown/neutrals_with_id/graphs_nedges/train_graphs/events_40900_to_40999_train.pt with 90 events
Event 41000...
Event 41025...
Event 41050...
Event 41075...
Saving chunk 410 to /eos/user/e/ebornand/DFEI/FullMC/npy_array/magdown/neutrals_with_id/graphs_nedges/train_graphs/events_41000_to_41099_train.pt with 90 events
Event 41100...
Event 41125...
Event 41150...
Event 41175...
Saving chunk 411 to /eos/user/e/ebornand/DFEI/FullMC/npy_array/magdown/neutrals_with_id/graphs_nedges/train_graphs/events_41100_to_41199_train.pt with 85 events
Event 41200...
Event 41225...
Event 41250...
Event 41275...
Saving chunk 412 to /eos/user/e/ebornand/DFEI/FullMC/npy_array/magdown/neutrals_with_id/graphs_nedges/train_graphs/events_41200_to_41299_train.pt with 90 events
Event 41300...
Event 41325...
Event 41350...
Event 41375...
Saving chunk 413 to /eos/user/e/ebornand/DFEI/FullMC/npy_array/magdown/neutrals_with_id/graphs_nedges/train_graphs/events_41300_to_41399_train.pt with 86 events
Event 41400...
Event 41425...
Event 41450...
Event 41475...
Saving chunk 414 to /eos/user/e/ebornand/DFEI/FullMC/npy_array/magdown/neutrals_with_id/graphs_nedges/train_graphs/events_41400_to_41499_train.pt with 91 events
Event 41500...
Event 41525...
Event 41550...
Event 41575...
Saving chunk 415 to /eos/user/e/ebornand/DFEI/FullMC/npy_array/magdown/neutrals_with_id/graphs_nedges/train_graphs/events_41500_to_41599_train.pt with 89 events
Event 41600...
Event 41625...
Event 41650...
Event 41675...
Saving chunk 416 to /eos/user/e/ebornand/DFEI/FullMC/npy_array/magdown/neutrals_with_id/graphs_nedges/train_graphs/events_41600_to_41699_train.pt with 89 events
Event 41700...
Event 41725...
Event 41750...
Event 41775...
Saving chunk 417 to /eos/user/e/ebornand/DFEI/FullMC/npy_array/magdown/neutrals_with_id/graphs_nedges/train_graphs/events_41700_to_41799_train.pt with 85 events
Event 41800...
Event 41825...
Event 41850...
Event 41875...
Saving chunk 418 to /eos/user/e/ebornand/DFEI/FullMC/npy_array/magdown/neutrals_with_id/graphs_nedges/train_graphs/events_41800_to_41899_train.pt with 82 events
Event 41900...
Event 41925...
Event 41950...
Event 41975...
Saving chunk 419 to /eos/user/e/ebornand/DFEI/FullMC/npy_array/magdown/neutrals_with_id/graphs_nedges/train_graphs/events_41900_to_41999_train.pt with 80 events
Event 42000...
Event 42025...
Event 42050...
Event 42075...
Saving chunk 420 to /eos/user/e/ebornand/DFEI/FullMC/npy_array/magdown/neutrals_with_id/graphs_nedges/train_graphs/events_42000_to_42099_train.pt with 81 events
Event 42100...
Event 42125...
Event 42150...
Event 42175...
Saving chunk 421 to /eos/user/e/ebornand/DFEI/FullMC/npy_array/magdown/neutrals_with_id/graphs_nedges/train_graphs/events_42100_to_42199_train.pt with 85 events
Event 42200...
Event 42225...
Event 42250...
Event 42275...
Saving chunk 422 to /eos/user/e/ebornand/DFEI/FullMC/npy_array/magdown/neutrals_with_id/graphs_nedges/train_graphs/events_42200_to_42299_train.pt with 84 events
Event 42300...
Event 42325...
Event 42350...
Event 42375...
Saving chunk 423 to /eos/user/e/ebornand/DFEI/FullMC/npy_array/magdown/neutrals_with_id/graphs_nedges/train_graphs/events_42300_to_42399_train.pt with 89 events
Event 42400...
Event 42425...
Event 42450...
Event 42475...
Saving chunk 424 to /eos/user/e/ebornand/DFEI/FullMC/npy_array/magdown/neutrals_with_id/graphs_nedges/train_graphs/events_42400_to_42499_train.pt with 80 events
Event 42500...
Event 42525...
Event 42550...
Event 42575...
Saving chunk 425 to /eos/user/e/ebornand/DFEI/FullMC/npy_array/magdown/neutrals_with_id/graphs_nedges/train_graphs/events_42500_to_42599_train.pt with 80 events
Event 42600...
Event 42625...
Event 42650...
Event 42675...
Saving chunk 426 to /eos/user/e/ebornand/DFEI/FullMC/npy_array/magdown/neutrals_with_id/graphs_nedges/train_graphs/events_42600_to_42699_train.pt with 81 events
Event 42700...
Event 42725...
Event 42750...
Event 42775...
Saving chunk 427 to /eos/user/e/ebornand/DFEI/FullMC/npy_array/magdown/neutrals_with_id/graphs_nedges/train_graphs/events_42700_to_42799_train.pt with 86 events
Event 42800...
Event 42825...
Event 42850...
Event 42875...
Saving chunk 428 to /eos/user/e/ebornand/DFEI/FullMC/npy_array/magdown/neutrals_with_id/graphs_nedges/train_graphs/events_42800_to_42899_train.pt with 86 events
Event 42900...
Event 42925...
Event 42950...
Event 42975...
Saving chunk 429 to /eos/user/e/ebornand/DFEI/FullMC/npy_array/magdown/neutrals_with_id/graphs_nedges/train_graphs/events_42900_to_42999_train.pt with 89 events
Event 43000...
Event 43025...
Event 43050...
Event 43075...
Saving chunk 430 to /eos/user/e/ebornand/DFEI/FullMC/npy_array/magdown/neutrals_with_id/graphs_nedges/train_graphs/events_43000_to_43099_train.pt with 86 events
Event 43100...
Event 43125...
Event 43150...
Event 43175...
Saving chunk 431 to /eos/user/e/ebornand/DFEI/FullMC/npy_array/magdown/neutrals_with_id/graphs_nedges/train_graphs/events_43100_to_43199_train.pt with 88 events
Event 43200...
Event 43225...
Event 43250...
Event 43275...
Saving chunk 432 to /eos/user/e/ebornand/DFEI/FullMC/npy_array/magdown/neutrals_with_id/graphs_nedges/train_graphs/events_43200_to_43299_train.pt with 84 events
Event 43300...
Event 43325...
Event 43350...
Event 43375...
Saving chunk 433 to /eos/user/e/ebornand/DFEI/FullMC/npy_array/magdown/neutrals_with_id/graphs_nedges/train_graphs/events_43300_to_43399_train.pt with 87 events
Event 43400...
Event 43425...
Event 43450...
Event 43475...
Saving chunk 434 to /eos/user/e/ebornand/DFEI/FullMC/npy_array/magdown/neutrals_with_id/graphs_nedges/train_graphs/events_43400_to_43499_train.pt with 88 events
Event 43500...
Event 43525...
Event 43550...
Event 43575...
Saving chunk 435 to /eos/user/e/ebornand/DFEI/FullMC/npy_array/magdown/neutrals_with_id/graphs_nedges/train_graphs/events_43500_to_43599_train.pt with 85 events
Event 43600...
Event 43625...
Event 43650...
Event 43675...
Saving chunk 436 to /eos/user/e/ebornand/DFEI/FullMC/npy_array/magdown/neutrals_with_id/graphs_nedges/train_graphs/events_43600_to_43699_train.pt with 82 events
Event 43700...
Event 43725...
Event 43750...
Event 43775...
Saving chunk 437 to /eos/user/e/ebornand/DFEI/FullMC/npy_array/magdown/neutrals_with_id/graphs_nedges/train_graphs/events_43700_to_43799_train.pt with 86 events
Event 43800...
Event 43825...
Event 43850...
Event 43875...
Saving chunk 438 to /eos/user/e/ebornand/DFEI/FullMC/npy_array/magdown/neutrals_with_id/graphs_nedges/train_graphs/events_43800_to_43899_train.pt with 86 events
Event 43900...
Event 43925...
Event 43950...
Event 43975...
Saving chunk 439 to /eos/user/e/ebornand/DFEI/FullMC/npy_array/magdown/neutrals_with_id/graphs_nedges/train_graphs/events_43900_to_43999_train.pt with 78 events
Event 44000...
Event 44025...
Event 44050...
Event 44075...
Saving chunk 440 to /eos/user/e/ebornand/DFEI/FullMC/npy_array/magdown/neutrals_with_id/graphs_nedges/train_graphs/events_44000_to_44099_train.pt with 94 events
Event 44100...
Event 44125...
Event 44150...
Event 44175...
Saving chunk 441 to /eos/user/e/ebornand/DFEI/FullMC/npy_array/magdown/neutrals_with_id/graphs_nedges/train_graphs/events_44100_to_44199_train.pt with 80 events
Event 44200...
Event 44225...
Event 44250...
Event 44275...
Saving chunk 442 to /eos/user/e/ebornand/DFEI/FullMC/npy_array/magdown/neutrals_with_id/graphs_nedges/train_graphs/events_44200_to_44299_train.pt with 80 events
Event 44300...
Event 44325...
Event 44350...
Event 44375...
Saving chunk 443 to /eos/user/e/ebornand/DFEI/FullMC/npy_array/magdown/neutrals_with_id/graphs_nedges/train_graphs/events_44300_to_44399_train.pt with 86 events
Event 44400...
Event 44425...
Event 44450...
Event 44475...
Saving chunk 444 to /eos/user/e/ebornand/DFEI/FullMC/npy_array/magdown/neutrals_with_id/graphs_nedges/train_graphs/events_44400_to_44499_train.pt with 85 events
Event 44500...
Event 44525...
Event 44550...
Event 44575...
Saving chunk 445 to /eos/user/e/ebornand/DFEI/FullMC/npy_array/magdown/neutrals_with_id/graphs_nedges/train_graphs/events_44500_to_44599_train.pt with 88 events
Event 44600...
Event 44625...
Event 44650...
Event 44675...
Saving chunk 446 to /eos/user/e/ebornand/DFEI/FullMC/npy_array/magdown/neutrals_with_id/graphs_nedges/train_graphs/events_44600_to_44699_train.pt with 86 events
Event 44700...
Event 44725...
Event 44750...
Event 44775...
Saving chunk 447 to /eos/user/e/ebornand/DFEI/FullMC/npy_array/magdown/neutrals_with_id/graphs_nedges/train_graphs/events_44700_to_44799_train.pt with 89 events
Event 44800...
Event 44825...
Event 44850...
Event 44875...
Saving chunk 448 to /eos/user/e/ebornand/DFEI/FullMC/npy_array/magdown/neutrals_with_id/graphs_nedges/train_graphs/events_44800_to_44899_train.pt with 88 events
Event 44900...
Event 44925...
Event 44950...
Event 44975...
Saving chunk 449 to /eos/user/e/ebornand/DFEI/FullMC/npy_array/magdown/neutrals_with_id/graphs_nedges/train_graphs/events_44900_to_44999_train.pt with 90 events
Event 45000...
Event 45025...
Event 45050...
Event 45075...
Saving chunk 450 to /eos/user/e/ebornand/DFEI/FullMC/npy_array/magdown/neutrals_with_id/graphs_nedges/train_graphs/events_45000_to_45099_train.pt with 89 events
Event 45100...
Event 45125...
Event 45150...
Event 45175...
Saving chunk 451 to /eos/user/e/ebornand/DFEI/FullMC/npy_array/magdown/neutrals_with_id/graphs_nedges/train_graphs/events_45100_to_45199_train.pt with 88 events
Event 45200...
Event 45225...
Event 45250...
Event 45275...
Saving chunk 452 to /eos/user/e/ebornand/DFEI/FullMC/npy_array/magdown/neutrals_with_id/graphs_nedges/train_graphs/events_45200_to_45299_train.pt with 84 events
Event 45300...
Event 45325...
Event 45350...
Event 45375...
Saving chunk 453 to /eos/user/e/ebornand/DFEI/FullMC/npy_array/magdown/neutrals_with_id/graphs_nedges/train_graphs/events_45300_to_45399_train.pt with 94 events
Event 45400...
Event 45425...
Event 45450...
Event 45475...
Saving chunk 454 to /eos/user/e/ebornand/DFEI/FullMC/npy_array/magdown/neutrals_with_id/graphs_nedges/train_graphs/events_45400_to_45499_train.pt with 82 events
Event 45500...
Event 45525...
Event 45550...
Event 45575...
Saving chunk 455 to /eos/user/e/ebornand/DFEI/FullMC/npy_array/magdown/neutrals_with_id/graphs_nedges/train_graphs/events_45500_to_45599_train.pt with 89 events
Event 45600...
Event 45625...
Event 45650...
Event 45675...
Saving chunk 456 to /eos/user/e/ebornand/DFEI/FullMC/npy_array/magdown/neutrals_with_id/graphs_nedges/train_graphs/events_45600_to_45699_train.pt with 82 events
Event 45700...
Event 45725...
Event 45750...
Event 45775...
Saving chunk 457 to /eos/user/e/ebornand/DFEI/FullMC/npy_array/magdown/neutrals_with_id/graphs_nedges/train_graphs/events_45700_to_45799_train.pt with 82 events
Event 45800...
Event 45825...
Event 45850...
Event 45875...
Saving chunk 458 to /eos/user/e/ebornand/DFEI/FullMC/npy_array/magdown/neutrals_with_id/graphs_nedges/train_graphs/events_45800_to_45899_train.pt with 82 events
Event 45900...
Event 45925...
Event 45950...
Event 45975...
Saving chunk 459 to /eos/user/e/ebornand/DFEI/FullMC/npy_array/magdown/neutrals_with_id/graphs_nedges/train_graphs/events_45900_to_45999_train.pt with 81 events
Event 46000...
Event 46025...
Event 46050...
Event 46075...
Saving chunk 460 to /eos/user/e/ebornand/DFEI/FullMC/npy_array/magdown/neutrals_with_id/graphs_nedges/train_graphs/events_46000_to_46099_train.pt with 87 events
Event 46100...
Event 46125...
Event 46150...
Event 46175...
Saving chunk 461 to /eos/user/e/ebornand/DFEI/FullMC/npy_array/magdown/neutrals_with_id/graphs_nedges/train_graphs/events_46100_to_46199_train.pt with 87 events
Event 46200...
Event 46225...
Event 46250...
Event 46275...
Saving chunk 462 to /eos/user/e/ebornand/DFEI/FullMC/npy_array/magdown/neutrals_with_id/graphs_nedges/train_graphs/events_46200_to_46299_train.pt with 88 events
Event 46300...
Event 46325...
Event 46350...
Event 46375...
Saving chunk 463 to /eos/user/e/ebornand/DFEI/FullMC/npy_array/magdown/neutrals_with_id/graphs_nedges/train_graphs/events_46300_to_46399_train.pt with 85 events
Event 46400...
Event 46425...
Event 46450...
Event 46475...
Saving chunk 464 to /eos/user/e/ebornand/DFEI/FullMC/npy_array/magdown/neutrals_with_id/graphs_nedges/train_graphs/events_46400_to_46499_train.pt with 83 events
Event 46500...
Event 46525...
Event 46550...
Event 46575...
Saving chunk 465 to /eos/user/e/ebornand/DFEI/FullMC/npy_array/magdown/neutrals_with_id/graphs_nedges/train_graphs/events_46500_to_46599_train.pt with 84 events
Event 46600...
Event 46625...
Event 46650...
Event 46675...
Saving chunk 466 to /eos/user/e/ebornand/DFEI/FullMC/npy_array/magdown/neutrals_with_id/graphs_nedges/train_graphs/events_46600_to_46699_train.pt with 87 events
Event 46700...
Event 46725...
Event 46750...
Event 46775...
Saving chunk 467 to /eos/user/e/ebornand/DFEI/FullMC/npy_array/magdown/neutrals_with_id/graphs_nedges/train_graphs/events_46700_to_46799_train.pt with 83 events
Event 46800...
Event 46825...
Event 46850...
Event 46875...
Saving chunk 468 to /eos/user/e/ebornand/DFEI/FullMC/npy_array/magdown/neutrals_with_id/graphs_nedges/train_graphs/events_46800_to_46899_train.pt with 88 events
Event 46900...
Event 46925...
Event 46950...
Event 46975...
Saving chunk 469 to /eos/user/e/ebornand/DFEI/FullMC/npy_array/magdown/neutrals_with_id/graphs_nedges/train_graphs/events_46900_to_46999_train.pt with 89 events
Event 47000...
Event 47025...
Event 47050...
Event 47075...
Saving chunk 470 to /eos/user/e/ebornand/DFEI/FullMC/npy_array/magdown/neutrals_with_id/graphs_nedges/train_graphs/events_47000_to_47099_train.pt with 84 events
Event 47100...
Event 47125...
Event 47150...
Event 47175...
Saving chunk 471 to /eos/user/e/ebornand/DFEI/FullMC/npy_array/magdown/neutrals_with_id/graphs_nedges/train_graphs/events_47100_to_47199_train.pt with 81 events
Event 47200...
Event 47225...
Event 47250...
Event 47275...
Saving chunk 472 to /eos/user/e/ebornand/DFEI/FullMC/npy_array/magdown/neutrals_with_id/graphs_nedges/train_graphs/events_47200_to_47299_train.pt with 86 events
Event 47300...
Event 47325...
Event 47350...
Event 47375...
Saving chunk 473 to /eos/user/e/ebornand/DFEI/FullMC/npy_array/magdown/neutrals_with_id/graphs_nedges/train_graphs/events_47300_to_47399_train.pt with 84 events
Event 47400...
Event 47425...
Event 47450...
Event 47475...
Saving chunk 474 to /eos/user/e/ebornand/DFEI/FullMC/npy_array/magdown/neutrals_with_id/graphs_nedges/train_graphs/events_47400_to_47499_train.pt with 78 events
Event 47500...
Event 47525...
Event 47550...
Event 47575...
Saving chunk 475 to /eos/user/e/ebornand/DFEI/FullMC/npy_array/magdown/neutrals_with_id/graphs_nedges/train_graphs/events_47500_to_47599_train.pt with 88 events
Event 47600...
Event 47625...
Event 47650...
Event 47675...
Saving chunk 476 to /eos/user/e/ebornand/DFEI/FullMC/npy_array/magdown/neutrals_with_id/graphs_nedges/train_graphs/events_47600_to_47699_train.pt with 89 events
Event 47700...
Event 47725...
Event 47750...
Event 47775...
Saving chunk 477 to /eos/user/e/ebornand/DFEI/FullMC/npy_array/magdown/neutrals_with_id/graphs_nedges/train_graphs/events_47700_to_47799_train.pt with 81 events
Event 47800...
Event 47825...
Event 47850...
Event 47875...
Saving chunk 478 to /eos/user/e/ebornand/DFEI/FullMC/npy_array/magdown/neutrals_with_id/graphs_nedges/train_graphs/events_47800_to_47899_train.pt with 91 events
Event 47900...
Event 47925...
Event 47950...
Event 47975...
Saving chunk 479 to /eos/user/e/ebornand/DFEI/FullMC/npy_array/magdown/neutrals_with_id/graphs_nedges/train_graphs/events_47900_to_47999_train.pt with 81 events
Event 48000...
Event 48025...
Event 48050...
Event 48075...
Saving chunk 480 to /eos/user/e/ebornand/DFEI/FullMC/npy_array/magdown/neutrals_with_id/graphs_nedges/train_graphs/events_48000_to_48099_train.pt with 83 events
Event 48100...
Event 48125...
Event 48150...
Event 48175...
Saving chunk 481 to /eos/user/e/ebornand/DFEI/FullMC/npy_array/magdown/neutrals_with_id/graphs_nedges/train_graphs/events_48100_to_48199_train.pt with 84 events
Event 48200...
Event 48225...
Event 48250...
Event 48275...
Saving chunk 482 to /eos/user/e/ebornand/DFEI/FullMC/npy_array/magdown/neutrals_with_id/graphs_nedges/train_graphs/events_48200_to_48299_train.pt with 85 events
Event 48300...
Event 48325...
Event 48350...
Event 48375...
Saving chunk 483 to /eos/user/e/ebornand/DFEI/FullMC/npy_array/magdown/neutrals_with_id/graphs_nedges/train_graphs/events_48300_to_48399_train.pt with 84 events
Event 48400...
Event 48425...
Event 48450...
Event 48475...
Saving chunk 484 to /eos/user/e/ebornand/DFEI/FullMC/npy_array/magdown/neutrals_with_id/graphs_nedges/train_graphs/events_48400_to_48499_train.pt with 85 events
Event 48500...
Event 48525...
Event 48550...
Event 48575...
Saving chunk 485 to /eos/user/e/ebornand/DFEI/FullMC/npy_array/magdown/neutrals_with_id/graphs_nedges/train_graphs/events_48500_to_48599_train.pt with 87 events
Event 48600...
Event 48625...
Event 48650...
Event 48675...
Saving chunk 486 to /eos/user/e/ebornand/DFEI/FullMC/npy_array/magdown/neutrals_with_id/graphs_nedges/train_graphs/events_48600_to_48699_train.pt with 77 events
Event 48700...
Event 48725...
Event 48750...
Event 48775...
Saving chunk 487 to /eos/user/e/ebornand/DFEI/FullMC/npy_array/magdown/neutrals_with_id/graphs_nedges/train_graphs/events_48700_to_48799_train.pt with 84 events
Event 48800...
Event 48825...
Event 48850...
Event 48875...
Saving chunk 488 to /eos/user/e/ebornand/DFEI/FullMC/npy_array/magdown/neutrals_with_id/graphs_nedges/train_graphs/events_48800_to_48899_train.pt with 85 events
Event 48900...
Event 48925...
Event 48950...
Event 48975...
Saving chunk 489 to /eos/user/e/ebornand/DFEI/FullMC/npy_array/magdown/neutrals_with_id/graphs_nedges/train_graphs/events_48900_to_48999_train.pt with 87 events
Event 49000...
Event 49025...
Event 49050...
Event 49075...
Saving chunk 490 to /eos/user/e/ebornand/DFEI/FullMC/npy_array/magdown/neutrals_with_id/graphs_nedges/train_graphs/events_49000_to_49099_train.pt with 84 events
Event 49100...
Event 49125...
Event 49150...
Event 49175...
Saving chunk 491 to /eos/user/e/ebornand/DFEI/FullMC/npy_array/magdown/neutrals_with_id/graphs_nedges/train_graphs/events_49100_to_49199_train.pt with 89 events
Event 49200...
Event 49225...
Event 49250...
Event 49275...
Saving chunk 492 to /eos/user/e/ebornand/DFEI/FullMC/npy_array/magdown/neutrals_with_id/graphs_nedges/train_graphs/events_49200_to_49299_train.pt with 84 events
Event 49300...
Event 49325...
Event 49350...
Event 49375...
Saving chunk 493 to /eos/user/e/ebornand/DFEI/FullMC/npy_array/magdown/neutrals_with_id/graphs_nedges/train_graphs/events_49300_to_49399_train.pt with 80 events
Event 49400...
Event 49425...
Event 49450...
Event 49475...
Saving chunk 494 to /eos/user/e/ebornand/DFEI/FullMC/npy_array/magdown/neutrals_with_id/graphs_nedges/train_graphs/events_49400_to_49499_train.pt with 90 events
Event 49500...
Event 49525...
Event 49550...
Event 49575...
Saving chunk 495 to /eos/user/e/ebornand/DFEI/FullMC/npy_array/magdown/neutrals_with_id/graphs_nedges/train_graphs/events_49500_to_49599_train.pt with 83 events
Event 49600...
Event 49625...
Event 49650...
Event 49675...
Saving chunk 496 to /eos/user/e/ebornand/DFEI/FullMC/npy_array/magdown/neutrals_with_id/graphs_nedges/train_graphs/events_49600_to_49699_train.pt with 81 events
Event 49700...
Event 49725...
Event 49750...
Event 49775...
Saving chunk 497 to /eos/user/e/ebornand/DFEI/FullMC/npy_array/magdown/neutrals_with_id/graphs_nedges/train_graphs/events_49700_to_49799_train.pt with 89 events
Event 49800...
Event 49825...
Event 49850...
Event 49875...
Saving chunk 498 to /eos/user/e/ebornand/DFEI/FullMC/npy_array/magdown/neutrals_with_id/graphs_nedges/train_graphs/events_49800_to_49899_train.pt with 83 events
Event 49900...
Event 49925...
Event 49950...
Event 49975...
Saving chunk 499 to /eos/user/e/ebornand/DFEI/FullMC/npy_array/magdown/neutrals_with_id/graphs_nedges/train_graphs/events_49900_to_49999_train.pt with 88 events
Event 50000...
Event 50025...
Event 50050...
Event 50075...
Saving chunk 500 to /eos/user/e/ebornand/DFEI/FullMC/npy_array/magdown/neutrals_with_id/graphs_nedges/train_graphs/events_50000_to_50099_train.pt with 85 events
Event 50100...
Event 50125...
Event 50150...
Event 50175...
Saving chunk 501 to /eos/user/e/ebornand/DFEI/FullMC/npy_array/magdown/neutrals_with_id/graphs_nedges/train_graphs/events_50100_to_50199_train.pt with 81 events
Event 50200...
Event 50225...
Event 50250...
Event 50275...
Saving chunk 502 to /eos/user/e/ebornand/DFEI/FullMC/npy_array/magdown/neutrals_with_id/graphs_nedges/train_graphs/events_50200_to_50299_train.pt with 85 events
Event 50300...
Event 50325...
Event 50350...
Event 50375...
Saving chunk 503 to /eos/user/e/ebornand/DFEI/FullMC/npy_array/magdown/neutrals_with_id/graphs_nedges/train_graphs/events_50300_to_50399_train.pt with 88 events
Event 50400...
Event 50425...
Event 50450...
Event 50475...
Saving chunk 504 to /eos/user/e/ebornand/DFEI/FullMC/npy_array/magdown/neutrals_with_id/graphs_nedges/train_graphs/events_50400_to_50499_train.pt with 85 events
Event 50500...
Event 50525...
Event 50550...
Event 50575...
Saving chunk 505 to /eos/user/e/ebornand/DFEI/FullMC/npy_array/magdown/neutrals_with_id/graphs_nedges/train_graphs/events_50500_to_50599_train.pt with 81 events
Event 50600...
Event 50625...
Event 50650...
Event 50675...
Saving chunk 506 to /eos/user/e/ebornand/DFEI/FullMC/npy_array/magdown/neutrals_with_id/graphs_nedges/train_graphs/events_50600_to_50699_train.pt with 83 events
Event 50700...
Event 50725...
Event 50750...
Event 50775...
Saving chunk 507 to /eos/user/e/ebornand/DFEI/FullMC/npy_array/magdown/neutrals_with_id/graphs_nedges/train_graphs/events_50700_to_50799_train.pt with 89 events
Event 50800...
Event 50825...
Event 50850...
Event 50875...
Saving chunk 508 to /eos/user/e/ebornand/DFEI/FullMC/npy_array/magdown/neutrals_with_id/graphs_nedges/train_graphs/events_50800_to_50899_train.pt with 86 events
Event 50900...
Event 50925...
Event 50950...
Event 50975...
Saving chunk 509 to /eos/user/e/ebornand/DFEI/FullMC/npy_array/magdown/neutrals_with_id/graphs_nedges/train_graphs/events_50900_to_50999_train.pt with 82 events
Event 51000...
Event 51025...
Event 51050...
Event 51075...
Saving chunk 510 to /eos/user/e/ebornand/DFEI/FullMC/npy_array/magdown/neutrals_with_id/graphs_nedges/train_graphs/events_51000_to_51099_train.pt with 83 events
Event 51100...
Event 51125...
Event 51150...
Event 51175...
Saving chunk 511 to /eos/user/e/ebornand/DFEI/FullMC/npy_array/magdown/neutrals_with_id/graphs_nedges/train_graphs/events_51100_to_51199_train.pt with 78 events
Event 51200...
Event 51225...
Event 51250...
Event 51275...
Saving chunk 512 to /eos/user/e/ebornand/DFEI/FullMC/npy_array/magdown/neutrals_with_id/graphs_nedges/train_graphs/events_51200_to_51299_train.pt with 82 events
Event 51300...
Event 51325...
Event 51350...
Event 51375...
Saving chunk 513 to /eos/user/e/ebornand/DFEI/FullMC/npy_array/magdown/neutrals_with_id/graphs_nedges/train_graphs/events_51300_to_51399_train.pt with 81 events
Event 51400...
Event 51425...
Event 51450...
Event 51475...
Saving chunk 514 to /eos/user/e/ebornand/DFEI/FullMC/npy_array/magdown/neutrals_with_id/graphs_nedges/train_graphs/events_51400_to_51499_train.pt with 84 events
Event 51500...
Event 51525...
Event 51550...
Event 51575...
Saving chunk 515 to /eos/user/e/ebornand/DFEI/FullMC/npy_array/magdown/neutrals_with_id/graphs_nedges/train_graphs/events_51500_to_51599_train.pt with 84 events
Event 51600...
Event 51625...
Event 51650...
Event 51675...
Saving chunk 516 to /eos/user/e/ebornand/DFEI/FullMC/npy_array/magdown/neutrals_with_id/graphs_nedges/train_graphs/events_51600_to_51699_train.pt with 92 events
Event 51700...
Event 51725...
Event 51750...
Event 51775...
Saving chunk 517 to /eos/user/e/ebornand/DFEI/FullMC/npy_array/magdown/neutrals_with_id/graphs_nedges/train_graphs/events_51700_to_51799_train.pt with 85 events
Event 51800...
Event 51825...
Event 51850...
Event 51875...
Saving chunk 518 to /eos/user/e/ebornand/DFEI/FullMC/npy_array/magdown/neutrals_with_id/graphs_nedges/train_graphs/events_51800_to_51899_train.pt with 85 events
Event 51900...
Event 51925...
Event 51950...
Event 51975...
Saving chunk 519 to /eos/user/e/ebornand/DFEI/FullMC/npy_array/magdown/neutrals_with_id/graphs_nedges/train_graphs/events_51900_to_51999_train.pt with 86 events
Event 52000...
Event 52025...
Event 52050...
Event 52075...
Saving chunk 520 to /eos/user/e/ebornand/DFEI/FullMC/npy_array/magdown/neutrals_with_id/graphs_nedges/train_graphs/events_52000_to_52099_train.pt with 80 events
Event 52100...
Event 52125...
Event 52150...
Event 52175...
Saving chunk 521 to /eos/user/e/ebornand/DFEI/FullMC/npy_array/magdown/neutrals_with_id/graphs_nedges/train_graphs/events_52100_to_52199_train.pt with 94 events
Event 52200...
Event 52225...
Event 52250...
Event 52275...
Saving chunk 522 to /eos/user/e/ebornand/DFEI/FullMC/npy_array/magdown/neutrals_with_id/graphs_nedges/train_graphs/events_52200_to_52299_train.pt with 88 events
Event 52300...
Event 52325...
Event 52350...
Event 52375...
Saving chunk 523 to /eos/user/e/ebornand/DFEI/FullMC/npy_array/magdown/neutrals_with_id/graphs_nedges/train_graphs/events_52300_to_52399_train.pt with 84 events
Event 52400...
Event 52425...
Event 52450...
Event 52475...
Saving chunk 524 to /eos/user/e/ebornand/DFEI/FullMC/npy_array/magdown/neutrals_with_id/graphs_nedges/train_graphs/events_52400_to_52499_train.pt with 88 events
Event 52500...
Event 52525...
Event 52550...
Event 52575...
Saving chunk 525 to /eos/user/e/ebornand/DFEI/FullMC/npy_array/magdown/neutrals_with_id/graphs_nedges/train_graphs/events_52500_to_52599_train.pt with 85 events
Event 52600...
Event 52625...
Event 52650...
Event 52675...
Saving chunk 526 to /eos/user/e/ebornand/DFEI/FullMC/npy_array/magdown/neutrals_with_id/graphs_nedges/train_graphs/events_52600_to_52699_train.pt with 88 events
Event 52700...
Event 52725...
Event 52750...
Event 52775...
Saving chunk 527 to /eos/user/e/ebornand/DFEI/FullMC/npy_array/magdown/neutrals_with_id/graphs_nedges/train_graphs/events_52700_to_52799_train.pt with 88 events
Event 52800...
Event 52825...
Event 52850...
Event 52875...
Saving chunk 528 to /eos/user/e/ebornand/DFEI/FullMC/npy_array/magdown/neutrals_with_id/graphs_nedges/train_graphs/events_52800_to_52899_train.pt with 83 events
Event 52900...
Event 52925...
Event 52950...
Event 52975...
Saving chunk 529 to /eos/user/e/ebornand/DFEI/FullMC/npy_array/magdown/neutrals_with_id/graphs_nedges/train_graphs/events_52900_to_52999_train.pt with 86 events
Event 53000...
Event 53025...
Event 53050...
Event 53075...
Saving chunk 530 to /eos/user/e/ebornand/DFEI/FullMC/npy_array/magdown/neutrals_with_id/graphs_nedges/train_graphs/events_53000_to_53099_train.pt with 89 events
Event 53100...
Event 53125...
Event 53150...
Event 53175...
Saving chunk 531 to /eos/user/e/ebornand/DFEI/FullMC/npy_array/magdown/neutrals_with_id/graphs_nedges/train_graphs/events_53100_to_53199_train.pt with 80 events
Event 53200...
Event 53225...
Event 53250...
Event 53275...
Saving chunk 532 to /eos/user/e/ebornand/DFEI/FullMC/npy_array/magdown/neutrals_with_id/graphs_nedges/train_graphs/events_53200_to_53299_train.pt with 87 events
Event 53300...
Event 53325...
Event 53350...
Event 53375...
Saving chunk 533 to /eos/user/e/ebornand/DFEI/FullMC/npy_array/magdown/neutrals_with_id/graphs_nedges/train_graphs/events_53300_to_53399_train.pt with 83 events
Event 53400...
Event 53425...
Event 53450...
Event 53475...
Saving chunk 534 to /eos/user/e/ebornand/DFEI/FullMC/npy_array/magdown/neutrals_with_id/graphs_nedges/train_graphs/events_53400_to_53499_train.pt with 90 events
Event 53500...
Event 53525...
Event 53550...
Event 53575...
Saving chunk 535 to /eos/user/e/ebornand/DFEI/FullMC/npy_array/magdown/neutrals_with_id/graphs_nedges/train_graphs/events_53500_to_53599_train.pt with 78 events
Event 53600...
Event 53625...
Event 53650...
Event 53675...
Saving chunk 536 to /eos/user/e/ebornand/DFEI/FullMC/npy_array/magdown/neutrals_with_id/graphs_nedges/train_graphs/events_53600_to_53699_train.pt with 86 events
Event 53700...
Event 53725...
Event 53750...
Event 53775...
Saving chunk 537 to /eos/user/e/ebornand/DFEI/FullMC/npy_array/magdown/neutrals_with_id/graphs_nedges/train_graphs/events_53700_to_53799_train.pt with 85 events
Event 53800...
Event 53825...
Event 53850...
Event 53875...
Saving chunk 538 to /eos/user/e/ebornand/DFEI/FullMC/npy_array/magdown/neutrals_with_id/graphs_nedges/train_graphs/events_53800_to_53899_train.pt with 88 events
Event 53900...
Event 53925...
Event 53950...
Event 53975...
Saving chunk 539 to /eos/user/e/ebornand/DFEI/FullMC/npy_array/magdown/neutrals_with_id/graphs_nedges/train_graphs/events_53900_to_53999_train.pt with 89 events
Event 54000...
Event 54025...
Event 54050...
Event 54075...
Saving chunk 540 to /eos/user/e/ebornand/DFEI/FullMC/npy_array/magdown/neutrals_with_id/graphs_nedges/train_graphs/events_54000_to_54099_train.pt with 81 events
Event 54100...
Event 54125...
Event 54150...
Event 54175...
Saving chunk 541 to /eos/user/e/ebornand/DFEI/FullMC/npy_array/magdown/neutrals_with_id/graphs_nedges/train_graphs/events_54100_to_54199_train.pt with 84 events
Event 54200...
Event 54225...
Event 54250...
Event 54275...
Saving chunk 542 to /eos/user/e/ebornand/DFEI/FullMC/npy_array/magdown/neutrals_with_id/graphs_nedges/train_graphs/events_54200_to_54299_train.pt with 83 events
Event 54300...
Event 54325...
Event 54350...
Event 54375...
Saving chunk 543 to /eos/user/e/ebornand/DFEI/FullMC/npy_array/magdown/neutrals_with_id/graphs_nedges/train_graphs/events_54300_to_54399_train.pt with 83 events
Event 54400...
Event 54425...
Event 54450...
Event 54475...
Saving chunk 544 to /eos/user/e/ebornand/DFEI/FullMC/npy_array/magdown/neutrals_with_id/graphs_nedges/train_graphs/events_54400_to_54499_train.pt with 83 events
Event 54500...
Event 54525...
Event 54550...
Event 54575...
Saving chunk 545 to /eos/user/e/ebornand/DFEI/FullMC/npy_array/magdown/neutrals_with_id/graphs_nedges/train_graphs/events_54500_to_54599_train.pt with 85 events
Event 54600...
Event 54625...
Event 54650...
Event 54675...
Saving chunk 546 to /eos/user/e/ebornand/DFEI/FullMC/npy_array/magdown/neutrals_with_id/graphs_nedges/train_graphs/events_54600_to_54699_train.pt with 79 events
Event 54700...
Event 54725...
Event 54750...
Event 54775...
Saving chunk 547 to /eos/user/e/ebornand/DFEI/FullMC/npy_array/magdown/neutrals_with_id/graphs_nedges/train_graphs/events_54700_to_54799_train.pt with 84 events
Event 54800...
Event 54825...
Event 54850...
Event 54875...
Saving chunk 548 to /eos/user/e/ebornand/DFEI/FullMC/npy_array/magdown/neutrals_with_id/graphs_nedges/train_graphs/events_54800_to_54899_train.pt with 87 events
Event 54900...
Event 54925...
Event 54950...
Event 54975...
Saving chunk 549 to /eos/user/e/ebornand/DFEI/FullMC/npy_array/magdown/neutrals_with_id/graphs_nedges/train_graphs/events_54900_to_54999_train.pt with 84 events
Event 55000...
Event 55025...
Event 55050...
Event 55075...
Saving chunk 550 to /eos/user/e/ebornand/DFEI/FullMC/npy_array/magdown/neutrals_with_id/graphs_nedges/train_graphs/events_55000_to_55099_train.pt with 86 events
Event 55100...
Event 55125...
Event 55150...
Event 55175...
Saving chunk 551 to /eos/user/e/ebornand/DFEI/FullMC/npy_array/magdown/neutrals_with_id/graphs_nedges/train_graphs/events_55100_to_55199_train.pt with 84 events
Event 55200...
Event 55225...
Event 55250...
Event 55275...
Saving chunk 552 to /eos/user/e/ebornand/DFEI/FullMC/npy_array/magdown/neutrals_with_id/graphs_nedges/train_graphs/events_55200_to_55299_train.pt with 83 events
Event 55300...
Event 55325...
Event 55350...
Event 55375...
Saving chunk 553 to /eos/user/e/ebornand/DFEI/FullMC/npy_array/magdown/neutrals_with_id/graphs_nedges/train_graphs/events_55300_to_55399_train.pt with 89 events
Event 55400...
Event 55425...
Event 55450...
Event 55475...
Saving chunk 554 to /eos/user/e/ebornand/DFEI/FullMC/npy_array/magdown/neutrals_with_id/graphs_nedges/train_graphs/events_55400_to_55499_train.pt with 87 events
Event 55500...
Event 55525...
Event 55550...
Event 55575...
Saving chunk 555 to /eos/user/e/ebornand/DFEI/FullMC/npy_array/magdown/neutrals_with_id/graphs_nedges/train_graphs/events_55500_to_55599_train.pt with 86 events
Event 55600...
Event 55625...
Event 55650...
Event 55675...
Saving chunk 556 to /eos/user/e/ebornand/DFEI/FullMC/npy_array/magdown/neutrals_with_id/graphs_nedges/train_graphs/events_55600_to_55699_train.pt with 92 events
Event 55700...
Event 55725...
Event 55750...
Event 55775...
Saving chunk 557 to /eos/user/e/ebornand/DFEI/FullMC/npy_array/magdown/neutrals_with_id/graphs_nedges/train_graphs/events_55700_to_55799_train.pt with 87 events
Event 55800...
Event 55825...
Event 55850...
Event 55875...
Saving chunk 558 to /eos/user/e/ebornand/DFEI/FullMC/npy_array/magdown/neutrals_with_id/graphs_nedges/train_graphs/events_55800_to_55899_train.pt with 80 events
Event 55900...
Event 55925...
Event 55950...
Event 55975...
Saving chunk 559 to /eos/user/e/ebornand/DFEI/FullMC/npy_array/magdown/neutrals_with_id/graphs_nedges/train_graphs/events_55900_to_55999_train.pt with 86 events
Event 56000...
Event 56025...
Event 56050...
Event 56075...
Saving chunk 560 to /eos/user/e/ebornand/DFEI/FullMC/npy_array/magdown/neutrals_with_id/graphs_nedges/train_graphs/events_56000_to_56099_train.pt with 82 events
Event 56100...
Event 56125...
Event 56150...
Event 56175...
Saving chunk 561 to /eos/user/e/ebornand/DFEI/FullMC/npy_array/magdown/neutrals_with_id/graphs_nedges/train_graphs/events_56100_to_56199_train.pt with 84 events
Event 56200...
Event 56225...
Event 56250...
Event 56275...
Saving chunk 562 to /eos/user/e/ebornand/DFEI/FullMC/npy_array/magdown/neutrals_with_id/graphs_nedges/train_graphs/events_56200_to_56299_train.pt with 85 events
Event 56300...
Event 56325...
Event 56350...
Event 56375...
Saving chunk 563 to /eos/user/e/ebornand/DFEI/FullMC/npy_array/magdown/neutrals_with_id/graphs_nedges/train_graphs/events_56300_to_56399_train.pt with 84 events
Event 56400...
Event 56425...
Event 56450...
Event 56475...
Saving chunk 564 to /eos/user/e/ebornand/DFEI/FullMC/npy_array/magdown/neutrals_with_id/graphs_nedges/train_graphs/events_56400_to_56499_train.pt with 88 events
Event 56500...
Event 56525...
Event 56550...
Event 56575...
Saving chunk 565 to /eos/user/e/ebornand/DFEI/FullMC/npy_array/magdown/neutrals_with_id/graphs_nedges/train_graphs/events_56500_to_56599_train.pt with 79 events
Event 56600...
Event 56625...
Event 56650...
Event 56675...
Saving chunk 566 to /eos/user/e/ebornand/DFEI/FullMC/npy_array/magdown/neutrals_with_id/graphs_nedges/train_graphs/events_56600_to_56699_train.pt with 84 events
Event 56700...
Event 56725...
Event 56750...
Event 56775...
Saving chunk 567 to /eos/user/e/ebornand/DFEI/FullMC/npy_array/magdown/neutrals_with_id/graphs_nedges/train_graphs/events_56700_to_56799_train.pt with 87 events
Event 56800...
Event 56825...
Event 56850...
Event 56875...
Saving chunk 568 to /eos/user/e/ebornand/DFEI/FullMC/npy_array/magdown/neutrals_with_id/graphs_nedges/train_graphs/events_56800_to_56899_train.pt with 84 events
Event 56900...
Event 56925...
Event 56950...
Event 56975...
Saving chunk 569 to /eos/user/e/ebornand/DFEI/FullMC/npy_array/magdown/neutrals_with_id/graphs_nedges/train_graphs/events_56900_to_56999_train.pt with 92 events
Event 57000...
Event 57025...
Event 57050...
Event 57075...
Saving chunk 570 to /eos/user/e/ebornand/DFEI/FullMC/npy_array/magdown/neutrals_with_id/graphs_nedges/train_graphs/events_57000_to_57099_train.pt with 89 events
Event 57100...
Event 57125...
Event 57150...
Event 57175...
Saving chunk 571 to /eos/user/e/ebornand/DFEI/FullMC/npy_array/magdown/neutrals_with_id/graphs_nedges/train_graphs/events_57100_to_57199_train.pt with 81 events
Event 57200...
Event 57225...
Event 57250...
Event 57275...
Saving chunk 572 to /eos/user/e/ebornand/DFEI/FullMC/npy_array/magdown/neutrals_with_id/graphs_nedges/train_graphs/events_57200_to_57299_train.pt with 89 events
Event 57300...
Event 57325...
Event 57350...
Event 57375...
Saving chunk 573 to /eos/user/e/ebornand/DFEI/FullMC/npy_array/magdown/neutrals_with_id/graphs_nedges/train_graphs/events_57300_to_57399_train.pt with 88 events
Event 57400...
Event 57425...
Event 57450...
Event 57475...
Saving chunk 574 to /eos/user/e/ebornand/DFEI/FullMC/npy_array/magdown/neutrals_with_id/graphs_nedges/train_graphs/events_57400_to_57499_train.pt with 85 events
Event 57500...
Event 57525...
Event 57550...
Event 57575...
Saving chunk 575 to /eos/user/e/ebornand/DFEI/FullMC/npy_array/magdown/neutrals_with_id/graphs_nedges/train_graphs/events_57500_to_57599_train.pt with 85 events
Event 57600...
Event 57625...
Event 57650...
Event 57675...
Saving chunk 576 to /eos/user/e/ebornand/DFEI/FullMC/npy_array/magdown/neutrals_with_id/graphs_nedges/train_graphs/events_57600_to_57699_train.pt with 86 events
Event 57700...
Event 57725...
Event 57750...
Event 57775...
Saving chunk 577 to /eos/user/e/ebornand/DFEI/FullMC/npy_array/magdown/neutrals_with_id/graphs_nedges/train_graphs/events_57700_to_57799_train.pt with 86 events
Event 57800...
Event 57825...
Event 57850...
Event 57875...
Saving chunk 578 to /eos/user/e/ebornand/DFEI/FullMC/npy_array/magdown/neutrals_with_id/graphs_nedges/train_graphs/events_57800_to_57899_train.pt with 88 events
Event 57900...
Event 57925...
Event 57950...
Event 57975...
Saving chunk 579 to /eos/user/e/ebornand/DFEI/FullMC/npy_array/magdown/neutrals_with_id/graphs_nedges/train_graphs/events_57900_to_57999_train.pt with 83 events
Event 58000...
Event 58025...
Event 58050...
Event 58075...
Saving chunk 580 to /eos/user/e/ebornand/DFEI/FullMC/npy_array/magdown/neutrals_with_id/graphs_nedges/train_graphs/events_58000_to_58099_train.pt with 83 events
Event 58100...
Event 58125...
Event 58150...
Event 58175...
Saving chunk 581 to /eos/user/e/ebornand/DFEI/FullMC/npy_array/magdown/neutrals_with_id/graphs_nedges/train_graphs/events_58100_to_58199_train.pt with 84 events
Event 58200...
Event 58225...
Event 58250...
Event 58275...
Saving chunk 582 to /eos/user/e/ebornand/DFEI/FullMC/npy_array/magdown/neutrals_with_id/graphs_nedges/train_graphs/events_58200_to_58299_train.pt with 89 events
Event 58300...
Event 58325...
Event 58350...
Event 58375...
Saving chunk 583 to /eos/user/e/ebornand/DFEI/FullMC/npy_array/magdown/neutrals_with_id/graphs_nedges/train_graphs/events_58300_to_58399_train.pt with 87 events
Event 58400...
Event 58425...
Event 58450...
Event 58475...
Saving chunk 584 to /eos/user/e/ebornand/DFEI/FullMC/npy_array/magdown/neutrals_with_id/graphs_nedges/train_graphs/events_58400_to_58499_train.pt with 88 events
Event 58500...
Event 58525...
Event 58550...
Event 58575...
Saving chunk 585 to /eos/user/e/ebornand/DFEI/FullMC/npy_array/magdown/neutrals_with_id/graphs_nedges/train_graphs/events_58500_to_58599_train.pt with 81 events
Event 58600...
Event 58625...
Event 58650...
Event 58675...
Saving chunk 586 to /eos/user/e/ebornand/DFEI/FullMC/npy_array/magdown/neutrals_with_id/graphs_nedges/train_graphs/events_58600_to_58699_train.pt with 84 events
Event 58700...
Event 58725...
Event 58750...
Event 58775...
Saving chunk 587 to /eos/user/e/ebornand/DFEI/FullMC/npy_array/magdown/neutrals_with_id/graphs_nedges/train_graphs/events_58700_to_58799_train.pt with 86 events
Event 58800...
Event 58825...
Event 58850...
Event 58875...
Saving chunk 588 to /eos/user/e/ebornand/DFEI/FullMC/npy_array/magdown/neutrals_with_id/graphs_nedges/train_graphs/events_58800_to_58899_train.pt with 80 events
Event 58900...
Event 58925...
Event 58950...
Event 58975...
Saving chunk 589 to /eos/user/e/ebornand/DFEI/FullMC/npy_array/magdown/neutrals_with_id/graphs_nedges/train_graphs/events_58900_to_58999_train.pt with 83 events
Event 59000...
Event 59025...
Event 59050...
Event 59075...
Saving chunk 590 to /eos/user/e/ebornand/DFEI/FullMC/npy_array/magdown/neutrals_with_id/graphs_nedges/train_graphs/events_59000_to_59099_train.pt with 87 events
Event 59100...
Event 59125...
Event 59150...
Event 59175...
Saving chunk 591 to /eos/user/e/ebornand/DFEI/FullMC/npy_array/magdown/neutrals_with_id/graphs_nedges/train_graphs/events_59100_to_59199_train.pt with 80 events
Event 59200...
Event 59225...
Event 59250...
Event 59275...
Saving chunk 592 to /eos/user/e/ebornand/DFEI/FullMC/npy_array/magdown/neutrals_with_id/graphs_nedges/train_graphs/events_59200_to_59299_train.pt with 93 events
Event 59300...
Event 59325...
Event 59350...
Event 59375...
Saving chunk 593 to /eos/user/e/ebornand/DFEI/FullMC/npy_array/magdown/neutrals_with_id/graphs_nedges/train_graphs/events_59300_to_59399_train.pt with 87 events
Event 59400...
Event 59425...
Event 59450...
Event 59475...
Saving chunk 594 to /eos/user/e/ebornand/DFEI/FullMC/npy_array/magdown/neutrals_with_id/graphs_nedges/train_graphs/events_59400_to_59499_train.pt with 84 events
Event 59500...
Event 59525...
Event 59550...
Event 59575...
Saving chunk 595 to /eos/user/e/ebornand/DFEI/FullMC/npy_array/magdown/neutrals_with_id/graphs_nedges/train_graphs/events_59500_to_59599_train.pt with 89 events
Event 59600...
Event 59625...
Event 59650...
Event 59675...
Saving chunk 596 to /eos/user/e/ebornand/DFEI/FullMC/npy_array/magdown/neutrals_with_id/graphs_nedges/train_graphs/events_59600_to_59699_train.pt with 92 events
Event 59700...
Event 59725...
Event 59750...
Event 59775...
Saving chunk 597 to /eos/user/e/ebornand/DFEI/FullMC/npy_array/magdown/neutrals_with_id/graphs_nedges/train_graphs/events_59700_to_59799_train.pt with 91 events
Event 59800...
Event 59825...
Event 59850...
Event 59875...
Saving chunk 598 to /eos/user/e/ebornand/DFEI/FullMC/npy_array/magdown/neutrals_with_id/graphs_nedges/train_graphs/events_59800_to_59899_train.pt with 85 events
Event 59900...
Event 59925...
Event 59950...
Event 59975...
Saving chunk 599 to /eos/user/e/ebornand/DFEI/FullMC/npy_array/magdown/neutrals_with_id/graphs_nedges/train_graphs/events_59900_to_59999_train.pt with 78 events
Event 60000...
Event 60025...
Event 60050...
Event 60075...
Saving chunk 600 to /eos/user/e/ebornand/DFEI/FullMC/npy_array/magdown/neutrals_with_id/graphs_nedges/train_graphs/events_60000_to_60099_train.pt with 90 events
Event 60100...
Event 60125...
Event 60150...
Event 60175...
Saving chunk 601 to /eos/user/e/ebornand/DFEI/FullMC/npy_array/magdown/neutrals_with_id/graphs_nedges/train_graphs/events_60100_to_60199_train.pt with 89 events
Event 60200...
Event 60225...
Event 60250...
Event 60275...
Saving chunk 602 to /eos/user/e/ebornand/DFEI/FullMC/npy_array/magdown/neutrals_with_id/graphs_nedges/train_graphs/events_60200_to_60299_train.pt with 85 events
Event 60300...
Event 60325...
Event 60350...
Event 60375...
Saving chunk 603 to /eos/user/e/ebornand/DFEI/FullMC/npy_array/magdown/neutrals_with_id/graphs_nedges/train_graphs/events_60300_to_60399_train.pt with 87 events
Event 60400...
Event 60425...
Event 60450...
Event 60475...
Saving chunk 604 to /eos/user/e/ebornand/DFEI/FullMC/npy_array/magdown/neutrals_with_id/graphs_nedges/train_graphs/events_60400_to_60499_train.pt with 84 events
Event 60500...
Event 60525...
Event 60550...
Event 60575...
Saving chunk 605 to /eos/user/e/ebornand/DFEI/FullMC/npy_array/magdown/neutrals_with_id/graphs_nedges/train_graphs/events_60500_to_60599_train.pt with 83 events
Event 60600...
Event 60625...
Event 60650...
Event 60675...
Saving chunk 606 to /eos/user/e/ebornand/DFEI/FullMC/npy_array/magdown/neutrals_with_id/graphs_nedges/train_graphs/events_60600_to_60699_train.pt with 78 events
Event 60700...
Event 60725...
Event 60750...
Event 60775...
Saving chunk 607 to /eos/user/e/ebornand/DFEI/FullMC/npy_array/magdown/neutrals_with_id/graphs_nedges/train_graphs/events_60700_to_60799_train.pt with 80 events
Event 60800...
Event 60825...
Event 60850...
Event 60875...
Saving chunk 608 to /eos/user/e/ebornand/DFEI/FullMC/npy_array/magdown/neutrals_with_id/graphs_nedges/train_graphs/events_60800_to_60899_train.pt with 86 events
Event 60900...
Event 60925...
Event 60950...
Event 60975...
Saving chunk 609 to /eos/user/e/ebornand/DFEI/FullMC/npy_array/magdown/neutrals_with_id/graphs_nedges/train_graphs/events_60900_to_60999_train.pt with 87 events
Event 61000...
Event 61025...
Event 61050...
Event 61075...
Saving chunk 610 to /eos/user/e/ebornand/DFEI/FullMC/npy_array/magdown/neutrals_with_id/graphs_nedges/train_graphs/events_61000_to_61099_train.pt with 83 events
Event 61100...
Event 61125...
Event 61150...
Event 61175...
Saving chunk 611 to /eos/user/e/ebornand/DFEI/FullMC/npy_array/magdown/neutrals_with_id/graphs_nedges/train_graphs/events_61100_to_61199_train.pt with 80 events
Event 61200...
Event 61225...
Event 61250...
Event 61275...
Saving chunk 612 to /eos/user/e/ebornand/DFEI/FullMC/npy_array/magdown/neutrals_with_id/graphs_nedges/train_graphs/events_61200_to_61299_train.pt with 81 events
Event 61300...
Event 61325...
Event 61350...
Event 61375...
Saving chunk 613 to /eos/user/e/ebornand/DFEI/FullMC/npy_array/magdown/neutrals_with_id/graphs_nedges/train_graphs/events_61300_to_61399_train.pt with 86 events
Event 61400...
Event 61425...
Event 61450...
Event 61475...
Saving chunk 614 to /eos/user/e/ebornand/DFEI/FullMC/npy_array/magdown/neutrals_with_id/graphs_nedges/train_graphs/events_61400_to_61499_train.pt with 85 events
Event 61500...
Event 61525...
Event 61550...
Event 61575...
Saving chunk 615 to /eos/user/e/ebornand/DFEI/FullMC/npy_array/magdown/neutrals_with_id/graphs_nedges/train_graphs/events_61500_to_61599_train.pt with 80 events
Event 61600...
Event 61625...
Event 61650...
Event 61675...
Saving chunk 616 to /eos/user/e/ebornand/DFEI/FullMC/npy_array/magdown/neutrals_with_id/graphs_nedges/train_graphs/events_61600_to_61699_train.pt with 84 events
Event 61700...
Event 61725...
Event 61750...
Event 61775...
Saving chunk 617 to /eos/user/e/ebornand/DFEI/FullMC/npy_array/magdown/neutrals_with_id/graphs_nedges/train_graphs/events_61700_to_61799_train.pt with 90 events
Event 61800...
Event 61825...
Event 61850...
Event 61875...
Saving chunk 618 to /eos/user/e/ebornand/DFEI/FullMC/npy_array/magdown/neutrals_with_id/graphs_nedges/train_graphs/events_61800_to_61899_train.pt with 83 events
Event 61900...
Event 61925...
Event 61950...
Event 61975...
Saving chunk 619 to /eos/user/e/ebornand/DFEI/FullMC/npy_array/magdown/neutrals_with_id/graphs_nedges/train_graphs/events_61900_to_61999_train.pt with 74 events
Event 62000...
Event 62025...
Event 62050...
Event 62075...
Saving chunk 620 to /eos/user/e/ebornand/DFEI/FullMC/npy_array/magdown/neutrals_with_id/graphs_nedges/train_graphs/events_62000_to_62099_train.pt with 83 events
Event 62100...
Event 62125...
Event 62150...
Event 62175...
Saving chunk 621 to /eos/user/e/ebornand/DFEI/FullMC/npy_array/magdown/neutrals_with_id/graphs_nedges/train_graphs/events_62100_to_62199_train.pt with 82 events
Event 62200...
Event 62225...
Event 62250...
Event 62275...
Saving chunk 622 to /eos/user/e/ebornand/DFEI/FullMC/npy_array/magdown/neutrals_with_id/graphs_nedges/train_graphs/events_62200_to_62299_train.pt with 89 events
Event 62300...
Event 62325...
Event 62350...
Event 62375...
Saving chunk 623 to /eos/user/e/ebornand/DFEI/FullMC/npy_array/magdown/neutrals_with_id/graphs_nedges/train_graphs/events_62300_to_62399_train.pt with 82 events
Event 62400...
Event 62425...
Event 62450...
Event 62475...
Saving chunk 624 to /eos/user/e/ebornand/DFEI/FullMC/npy_array/magdown/neutrals_with_id/graphs_nedges/train_graphs/events_62400_to_62499_train.pt with 91 events
Event 62500...
Event 62525...
Event 62550...
Event 62575...
Saving chunk 625 to /eos/user/e/ebornand/DFEI/FullMC/npy_array/magdown/neutrals_with_id/graphs_nedges/train_graphs/events_62500_to_62599_train.pt with 86 events
Event 62600...
Event 62625...
Event 62650...
Event 62675...
Saving chunk 626 to /eos/user/e/ebornand/DFEI/FullMC/npy_array/magdown/neutrals_with_id/graphs_nedges/train_graphs/events_62600_to_62699_train.pt with 83 events
Event 62700...
Event 62725...
Event 62750...
Event 62775...
Saving chunk 627 to /eos/user/e/ebornand/DFEI/FullMC/npy_array/magdown/neutrals_with_id/graphs_nedges/train_graphs/events_62700_to_62799_train.pt with 86 events
Event 62800...
Event 62825...
Event 62850...
Event 62875...
Saving chunk 628 to /eos/user/e/ebornand/DFEI/FullMC/npy_array/magdown/neutrals_with_id/graphs_nedges/train_graphs/events_62800_to_62899_train.pt with 79 events
Event 62900...
Event 62925...
Event 62950...
Event 62975...
Saving chunk 629 to /eos/user/e/ebornand/DFEI/FullMC/npy_array/magdown/neutrals_with_id/graphs_nedges/train_graphs/events_62900_to_62999_train.pt with 87 events
Event 63000...
Event 63025...
Event 63050...
Event 63075...
Saving chunk 630 to /eos/user/e/ebornand/DFEI/FullMC/npy_array/magdown/neutrals_with_id/graphs_nedges/train_graphs/events_63000_to_63099_train.pt with 92 events
Event 63100...
Event 63125...
Event 63150...
Event 63175...
Saving chunk 631 to /eos/user/e/ebornand/DFEI/FullMC/npy_array/magdown/neutrals_with_id/graphs_nedges/train_graphs/events_63100_to_63199_train.pt with 83 events
Event 63200...
Event 63225...
Event 63250...
Event 63275...
Saving chunk 632 to /eos/user/e/ebornand/DFEI/FullMC/npy_array/magdown/neutrals_with_id/graphs_nedges/train_graphs/events_63200_to_63299_train.pt with 83 events
Event 63300...
Event 63325...
Event 63350...
Event 63375...
Saving chunk 633 to /eos/user/e/ebornand/DFEI/FullMC/npy_array/magdown/neutrals_with_id/graphs_nedges/train_graphs/events_63300_to_63399_train.pt with 85 events
Event 63400...
Event 63425...
Event 63450...
Event 63475...
Saving chunk 634 to /eos/user/e/ebornand/DFEI/FullMC/npy_array/magdown/neutrals_with_id/graphs_nedges/train_graphs/events_63400_to_63499_train.pt with 90 events
Event 63500...
Event 63525...
Event 63550...
Event 63575...
Saving chunk 635 to /eos/user/e/ebornand/DFEI/FullMC/npy_array/magdown/neutrals_with_id/graphs_nedges/train_graphs/events_63500_to_63599_train.pt with 82 events
Event 63600...
Event 63625...
Event 63650...
Event 63675...
Saving chunk 636 to /eos/user/e/ebornand/DFEI/FullMC/npy_array/magdown/neutrals_with_id/graphs_nedges/train_graphs/events_63600_to_63699_train.pt with 84 events
Event 63700...
Event 63725...
Event 63750...
Event 63775...
Saving chunk 637 to /eos/user/e/ebornand/DFEI/FullMC/npy_array/magdown/neutrals_with_id/graphs_nedges/train_graphs/events_63700_to_63799_train.pt with 86 events
Event 63800...
Event 63825...
Event 63850...
Event 63875...
Saving chunk 638 to /eos/user/e/ebornand/DFEI/FullMC/npy_array/magdown/neutrals_with_id/graphs_nedges/train_graphs/events_63800_to_63899_train.pt with 86 events
Event 63900...
Event 63925...
Event 63950...
Event 63975...
Saving chunk 639 to /eos/user/e/ebornand/DFEI/FullMC/npy_array/magdown/neutrals_with_id/graphs_nedges/train_graphs/events_63900_to_63999_train.pt with 82 events
Event 64000...
Event 64025...
Event 64050...
Event 64075...
Saving chunk 640 to /eos/user/e/ebornand/DFEI/FullMC/npy_array/magdown/neutrals_with_id/graphs_nedges/train_graphs/events_64000_to_64099_train.pt with 84 events
Event 64100...
Event 64125...
Event 64150...
Event 64175...
Saving chunk 641 to /eos/user/e/ebornand/DFEI/FullMC/npy_array/magdown/neutrals_with_id/graphs_nedges/train_graphs/events_64100_to_64199_train.pt with 86 events
Event 64200...
Event 64225...
Event 64250...
Event 64275...
Saving chunk 642 to /eos/user/e/ebornand/DFEI/FullMC/npy_array/magdown/neutrals_with_id/graphs_nedges/train_graphs/events_64200_to_64299_train.pt with 78 events
Event 64300...
Event 64325...
Event 64350...
Event 64375...
Saving chunk 643 to /eos/user/e/ebornand/DFEI/FullMC/npy_array/magdown/neutrals_with_id/graphs_nedges/train_graphs/events_64300_to_64399_train.pt with 95 events
Event 64400...
Event 64425...
Event 64450...
Event 64475...
Saving chunk 644 to /eos/user/e/ebornand/DFEI/FullMC/npy_array/magdown/neutrals_with_id/graphs_nedges/train_graphs/events_64400_to_64499_train.pt with 86 events
Event 64500...
Event 64525...
Event 64550...
Event 64575...
Saving chunk 645 to /eos/user/e/ebornand/DFEI/FullMC/npy_array/magdown/neutrals_with_id/graphs_nedges/train_graphs/events_64500_to_64599_train.pt with 86 events
Event 64600...
Event 64625...
Event 64650...
Event 64675...
Saving chunk 646 to /eos/user/e/ebornand/DFEI/FullMC/npy_array/magdown/neutrals_with_id/graphs_nedges/train_graphs/events_64600_to_64699_train.pt with 86 events
Event 64700...
Event 64725...
Event 64750...
Event 64775...
Saving chunk 647 to /eos/user/e/ebornand/DFEI/FullMC/npy_array/magdown/neutrals_with_id/graphs_nedges/train_graphs/events_64700_to_64799_train.pt with 89 events
Event 64800...
Event 64825...
Event 64850...
Event 64875...
Saving chunk 648 to /eos/user/e/ebornand/DFEI/FullMC/npy_array/magdown/neutrals_with_id/graphs_nedges/train_graphs/events_64800_to_64899_train.pt with 88 events
Event 64900...
Event 64925...
Event 64950...
Event 64975...
Saving chunk 649 to /eos/user/e/ebornand/DFEI/FullMC/npy_array/magdown/neutrals_with_id/graphs_nedges/train_graphs/events_64900_to_64999_train.pt with 86 events
Event 65000...
Event 65025...
Event 65050...
Event 65075...
Saving chunk 650 to /eos/user/e/ebornand/DFEI/FullMC/npy_array/magdown/neutrals_with_id/graphs_nedges/train_graphs/events_65000_to_65099_train.pt with 88 events
Event 65100...
Event 65125...
Event 65150...
Event 65175...
Saving chunk 651 to /eos/user/e/ebornand/DFEI/FullMC/npy_array/magdown/neutrals_with_id/graphs_nedges/train_graphs/events_65100_to_65199_train.pt with 90 events
Event 65200...
Event 65225...
Event 65250...
Event 65275...
Saving chunk 652 to /eos/user/e/ebornand/DFEI/FullMC/npy_array/magdown/neutrals_with_id/graphs_nedges/train_graphs/events_65200_to_65299_train.pt with 84 events
Event 65300...
Event 65325...
Event 65350...
Event 65375...
Saving chunk 653 to /eos/user/e/ebornand/DFEI/FullMC/npy_array/magdown/neutrals_with_id/graphs_nedges/train_graphs/events_65300_to_65399_train.pt with 86 events
Event 65400...
Event 65425...
Event 65450...
Event 65475...
Saving chunk 654 to /eos/user/e/ebornand/DFEI/FullMC/npy_array/magdown/neutrals_with_id/graphs_nedges/train_graphs/events_65400_to_65499_train.pt with 86 events
Event 65500...
Event 65525...
Event 65550...
Event 65575...
Saving chunk 655 to /eos/user/e/ebornand/DFEI/FullMC/npy_array/magdown/neutrals_with_id/graphs_nedges/train_graphs/events_65500_to_65599_train.pt with 84 events
Event 65600...
Event 65625...
Event 65650...
Event 65675...
Saving chunk 656 to /eos/user/e/ebornand/DFEI/FullMC/npy_array/magdown/neutrals_with_id/graphs_nedges/train_graphs/events_65600_to_65699_train.pt with 86 events
Event 65700...
Event 65725...
Event 65750...
Event 65775...
Saving chunk 657 to /eos/user/e/ebornand/DFEI/FullMC/npy_array/magdown/neutrals_with_id/graphs_nedges/train_graphs/events_65700_to_65799_train.pt with 85 events
Event 65800...
Event 65825...
Event 65850...
Event 65875...
Saving chunk 658 to /eos/user/e/ebornand/DFEI/FullMC/npy_array/magdown/neutrals_with_id/graphs_nedges/train_graphs/events_65800_to_65899_train.pt with 86 events
Event 65900...
Event 65925...
Event 65950...
Event 65975...
Saving chunk 659 to /eos/user/e/ebornand/DFEI/FullMC/npy_array/magdown/neutrals_with_id/graphs_nedges/train_graphs/events_65900_to_65999_train.pt with 91 events
Event 66000...
Event 66025...
Event 66050...
Event 66075...
Saving chunk 660 to /eos/user/e/ebornand/DFEI/FullMC/npy_array/magdown/neutrals_with_id/graphs_nedges/train_graphs/events_66000_to_66099_train.pt with 90 events
Event 66100...
Event 66125...
Event 66150...
Event 66175...
Saving chunk 661 to /eos/user/e/ebornand/DFEI/FullMC/npy_array/magdown/neutrals_with_id/graphs_nedges/train_graphs/events_66100_to_66199_train.pt with 93 events
Event 66200...
Event 66225...
Event 66250...
Event 66275...
Saving chunk 662 to /eos/user/e/ebornand/DFEI/FullMC/npy_array/magdown/neutrals_with_id/graphs_nedges/train_graphs/events_66200_to_66299_train.pt with 85 events
Event 66300...
Event 66325...
Event 66350...
Event 66375...
Saving chunk 663 to /eos/user/e/ebornand/DFEI/FullMC/npy_array/magdown/neutrals_with_id/graphs_nedges/train_graphs/events_66300_to_66399_train.pt with 91 events
Event 66400...
Event 66425...
Event 66450...
Event 66475...
Saving chunk 664 to /eos/user/e/ebornand/DFEI/FullMC/npy_array/magdown/neutrals_with_id/graphs_nedges/train_graphs/events_66400_to_66499_train.pt with 83 events
Event 66500...
Event 66525...
Event 66550...
Event 66575...
Saving chunk 665 to /eos/user/e/ebornand/DFEI/FullMC/npy_array/magdown/neutrals_with_id/graphs_nedges/train_graphs/events_66500_to_66599_train.pt with 84 events
Event 66600...
Event 66625...
Event 66650...
Event 66675...
Saving chunk 666 to /eos/user/e/ebornand/DFEI/FullMC/npy_array/magdown/neutrals_with_id/graphs_nedges/train_graphs/events_66600_to_66699_train.pt with 87 events
Event 66700...
Event 66725...
Event 66750...
Event 66775...
Saving chunk 667 to /eos/user/e/ebornand/DFEI/FullMC/npy_array/magdown/neutrals_with_id/graphs_nedges/train_graphs/events_66700_to_66799_train.pt with 82 events
Event 66800...
Event 66825...
Event 66850...
Event 66875...
Saving chunk 668 to /eos/user/e/ebornand/DFEI/FullMC/npy_array/magdown/neutrals_with_id/graphs_nedges/train_graphs/events_66800_to_66899_train.pt with 85 events
Event 66900...
Event 66925...
Event 66950...
Event 66975...
Saving chunk 669 to /eos/user/e/ebornand/DFEI/FullMC/npy_array/magdown/neutrals_with_id/graphs_nedges/train_graphs/events_66900_to_66999_train.pt with 87 events
Event 67000...
Event 67025...
Event 67050...
Event 67075...
Saving chunk 670 to /eos/user/e/ebornand/DFEI/FullMC/npy_array/magdown/neutrals_with_id/graphs_nedges/train_graphs/events_67000_to_67099_train.pt with 80 events
Event 67100...
Event 67125...
Event 67150...
Event 67175...
Saving chunk 671 to /eos/user/e/ebornand/DFEI/FullMC/npy_array/magdown/neutrals_with_id/graphs_nedges/train_graphs/events_67100_to_67199_train.pt with 90 events
Event 67200...
Event 67225...
Event 67250...
Event 67275...
Saving chunk 672 to /eos/user/e/ebornand/DFEI/FullMC/npy_array/magdown/neutrals_with_id/graphs_nedges/train_graphs/events_67200_to_67299_train.pt with 90 events
Event 67300...
Event 67325...
Event 67350...
Event 67375...
Saving chunk 673 to /eos/user/e/ebornand/DFEI/FullMC/npy_array/magdown/neutrals_with_id/graphs_nedges/train_graphs/events_67300_to_67399_train.pt with 81 events
Event 67400...
Event 67425...
Event 67450...
Event 67475...
Saving chunk 674 to /eos/user/e/ebornand/DFEI/FullMC/npy_array/magdown/neutrals_with_id/graphs_nedges/train_graphs/events_67400_to_67499_train.pt with 75 events
Event 67500...
Event 67525...
Event 67550...
Event 67575...
Saving chunk 675 to /eos/user/e/ebornand/DFEI/FullMC/npy_array/magdown/neutrals_with_id/graphs_nedges/train_graphs/events_67500_to_67599_train.pt with 90 events
Event 67600...
Event 67625...
Event 67650...
Event 67675...
Saving chunk 676 to /eos/user/e/ebornand/DFEI/FullMC/npy_array/magdown/neutrals_with_id/graphs_nedges/train_graphs/events_67600_to_67699_train.pt with 85 events
Event 67700...
Event 67725...
Event 67750...
Event 67775...
Saving chunk 677 to /eos/user/e/ebornand/DFEI/FullMC/npy_array/magdown/neutrals_with_id/graphs_nedges/train_graphs/events_67700_to_67799_train.pt with 86 events
Event 67800...
Event 67825...
Event 67850...
Event 67875...
Saving chunk 678 to /eos/user/e/ebornand/DFEI/FullMC/npy_array/magdown/neutrals_with_id/graphs_nedges/train_graphs/events_67800_to_67899_train.pt with 81 events
Event 67900...
Event 67925...
Event 67950...
Event 67975...
Saving chunk 679 to /eos/user/e/ebornand/DFEI/FullMC/npy_array/magdown/neutrals_with_id/graphs_nedges/train_graphs/events_67900_to_67999_train.pt with 89 events
Event 68000...
Event 68025...
Event 68050...
Event 68075...
Saving chunk 680 to /eos/user/e/ebornand/DFEI/FullMC/npy_array/magdown/neutrals_with_id/graphs_nedges/train_graphs/events_68000_to_68099_train.pt with 87 events
Event 68100...
Event 68125...
Event 68150...
Event 68175...
Saving chunk 681 to /eos/user/e/ebornand/DFEI/FullMC/npy_array/magdown/neutrals_with_id/graphs_nedges/train_graphs/events_68100_to_68199_train.pt with 81 events
Event 68200...
Event 68225...
Event 68250...
Event 68275...
Saving chunk 682 to /eos/user/e/ebornand/DFEI/FullMC/npy_array/magdown/neutrals_with_id/graphs_nedges/train_graphs/events_68200_to_68299_train.pt with 89 events
Event 68300...
Event 68325...
Event 68350...
Event 68375...
Saving chunk 683 to /eos/user/e/ebornand/DFEI/FullMC/npy_array/magdown/neutrals_with_id/graphs_nedges/train_graphs/events_68300_to_68399_train.pt with 77 events
Event 68400...
Event 68425...
Event 68450...
Event 68475...
Saving chunk 684 to /eos/user/e/ebornand/DFEI/FullMC/npy_array/magdown/neutrals_with_id/graphs_nedges/train_graphs/events_68400_to_68499_train.pt with 90 events
Event 68500...
Event 68525...
Event 68550...
Event 68575...
Saving chunk 685 to /eos/user/e/ebornand/DFEI/FullMC/npy_array/magdown/neutrals_with_id/graphs_nedges/train_graphs/events_68500_to_68599_train.pt with 89 events
Event 68600...
Event 68625...
Event 68650...
Event 68675...
Saving chunk 686 to /eos/user/e/ebornand/DFEI/FullMC/npy_array/magdown/neutrals_with_id/graphs_nedges/train_graphs/events_68600_to_68699_train.pt with 83 events
Event 68700...
Event 68725...
Event 68750...
Event 68775...
Saving chunk 687 to /eos/user/e/ebornand/DFEI/FullMC/npy_array/magdown/neutrals_with_id/graphs_nedges/train_graphs/events_68700_to_68799_train.pt with 84 events
Event 68800...
Event 68825...
Event 68850...
Event 68875...
Saving chunk 688 to /eos/user/e/ebornand/DFEI/FullMC/npy_array/magdown/neutrals_with_id/graphs_nedges/train_graphs/events_68800_to_68899_train.pt with 84 events
Event 68900...
Event 68925...
Event 68950...
Event 68975...
Saving chunk 689 to /eos/user/e/ebornand/DFEI/FullMC/npy_array/magdown/neutrals_with_id/graphs_nedges/train_graphs/events_68900_to_68999_train.pt with 88 events
Event 69000...
Event 69025...
Event 69050...
Event 69075...
Saving chunk 690 to /eos/user/e/ebornand/DFEI/FullMC/npy_array/magdown/neutrals_with_id/graphs_nedges/train_graphs/events_69000_to_69099_train.pt with 88 events
Event 69100...
Event 69125...
Event 69150...
Event 69175...
Saving chunk 691 to /eos/user/e/ebornand/DFEI/FullMC/npy_array/magdown/neutrals_with_id/graphs_nedges/train_graphs/events_69100_to_69199_train.pt with 91 events
Event 69200...
Event 69225...
Event 69250...
Event 69275...
Saving chunk 692 to /eos/user/e/ebornand/DFEI/FullMC/npy_array/magdown/neutrals_with_id/graphs_nedges/train_graphs/events_69200_to_69299_train.pt with 87 events
Event 69300...
Event 69325...
Event 69350...
Event 69375...
Saving chunk 693 to /eos/user/e/ebornand/DFEI/FullMC/npy_array/magdown/neutrals_with_id/graphs_nedges/train_graphs/events_69300_to_69399_train.pt with 84 events
Event 69400...
Event 69425...
Event 69450...
Event 69475...
Saving chunk 694 to /eos/user/e/ebornand/DFEI/FullMC/npy_array/magdown/neutrals_with_id/graphs_nedges/train_graphs/events_69400_to_69499_train.pt with 88 events
Event 69500...
Event 69525...
Event 69550...
Event 69575...
Saving chunk 695 to /eos/user/e/ebornand/DFEI/FullMC/npy_array/magdown/neutrals_with_id/graphs_nedges/train_graphs/events_69500_to_69599_train.pt with 89 events
Event 69600...
Event 69625...
Event 69650...
Event 69675...
Saving chunk 696 to /eos/user/e/ebornand/DFEI/FullMC/npy_array/magdown/neutrals_with_id/graphs_nedges/train_graphs/events_69600_to_69699_train.pt with 81 events
Event 69700...
Event 69725...
Event 69750...
Event 69775...
Saving chunk 697 to /eos/user/e/ebornand/DFEI/FullMC/npy_array/magdown/neutrals_with_id/graphs_nedges/train_graphs/events_69700_to_69799_train.pt with 85 events
Event 69800...
Event 69825...
Event 69850...
Event 69875...
Saving chunk 698 to /eos/user/e/ebornand/DFEI/FullMC/npy_array/magdown/neutrals_with_id/graphs_nedges/train_graphs/events_69800_to_69899_train.pt with 81 events
Event 69900...
Event 69925...
Event 69950...
Event 69975...
Saving chunk 699 to /eos/user/e/ebornand/DFEI/FullMC/npy_array/magdown/neutrals_with_id/graphs_nedges/train_graphs/events_69900_to_69999_train.pt with 82 events
Event 70000...
Event 70025...
Event 70050...
Event 70075...
Saving chunk 700 to /eos/user/e/ebornand/DFEI/FullMC/npy_array/magdown/neutrals_with_id/graphs_nedges/train_graphs/events_70000_to_70099_train.pt with 91 events
Event 70100...
Event 70125...
Event 70150...
Event 70175...
Saving chunk 701 to /eos/user/e/ebornand/DFEI/FullMC/npy_array/magdown/neutrals_with_id/graphs_nedges/train_graphs/events_70100_to_70199_train.pt with 81 events
Event 70200...
Event 70225...
Event 70250...
Event 70275...
Saving chunk 702 to /eos/user/e/ebornand/DFEI/FullMC/npy_array/magdown/neutrals_with_id/graphs_nedges/train_graphs/events_70200_to_70299_train.pt with 83 events
Event 70300...
Event 70325...
Event 70350...
Event 70375...
Saving chunk 703 to /eos/user/e/ebornand/DFEI/FullMC/npy_array/magdown/neutrals_with_id/graphs_nedges/train_graphs/events_70300_to_70399_train.pt with 83 events
Event 70400...
Event 70425...
Event 70450...
Event 70475...
Saving chunk 704 to /eos/user/e/ebornand/DFEI/FullMC/npy_array/magdown/neutrals_with_id/graphs_nedges/train_graphs/events_70400_to_70499_train.pt with 84 events
Event 70500...
Event 70525...
Event 70550...
Event 70575...
Saving chunk 705 to /eos/user/e/ebornand/DFEI/FullMC/npy_array/magdown/neutrals_with_id/graphs_nedges/train_graphs/events_70500_to_70599_train.pt with 84 events
Event 70600...
Event 70625...
Event 70650...
Event 70675...
Saving chunk 706 to /eos/user/e/ebornand/DFEI/FullMC/npy_array/magdown/neutrals_with_id/graphs_nedges/train_graphs/events_70600_to_70699_train.pt with 79 events
Event 70700...
Event 70725...
Event 70750...
Event 70775...
Saving chunk 707 to /eos/user/e/ebornand/DFEI/FullMC/npy_array/magdown/neutrals_with_id/graphs_nedges/train_graphs/events_70700_to_70799_train.pt with 85 events
Event 70800...
Event 70825...
Event 70850...
Event 70875...
Saving chunk 708 to /eos/user/e/ebornand/DFEI/FullMC/npy_array/magdown/neutrals_with_id/graphs_nedges/train_graphs/events_70800_to_70899_train.pt with 92 events
Event 70900...
Event 70925...
Event 70950...
Event 70975...
Saving chunk 709 to /eos/user/e/ebornand/DFEI/FullMC/npy_array/magdown/neutrals_with_id/graphs_nedges/train_graphs/events_70900_to_70999_train.pt with 81 events
Event 71000...
Event 71025...
Event 71050...
Event 71075...
Saving chunk 710 to /eos/user/e/ebornand/DFEI/FullMC/npy_array/magdown/neutrals_with_id/graphs_nedges/train_graphs/events_71000_to_71099_train.pt with 88 events
Event 71100...
Event 71125...
Event 71150...
Event 71175...
Saving chunk 711 to /eos/user/e/ebornand/DFEI/FullMC/npy_array/magdown/neutrals_with_id/graphs_nedges/train_graphs/events_71100_to_71199_train.pt with 82 events
Event 71200...
Event 71225...
Event 71250...
Event 71275...
Saving chunk 712 to /eos/user/e/ebornand/DFEI/FullMC/npy_array/magdown/neutrals_with_id/graphs_nedges/train_graphs/events_71200_to_71299_train.pt with 85 events
Event 71300...
Event 71325...
Event 71350...
Event 71375...
Saving chunk 713 to /eos/user/e/ebornand/DFEI/FullMC/npy_array/magdown/neutrals_with_id/graphs_nedges/train_graphs/events_71300_to_71399_train.pt with 89 events
Event 71400...
Event 71425...
Event 71450...
Event 71475...
Saving chunk 714 to /eos/user/e/ebornand/DFEI/FullMC/npy_array/magdown/neutrals_with_id/graphs_nedges/train_graphs/events_71400_to_71499_train.pt with 91 events
Event 71500...
Event 71525...
Event 71550...
Event 71575...
Saving chunk 715 to /eos/user/e/ebornand/DFEI/FullMC/npy_array/magdown/neutrals_with_id/graphs_nedges/train_graphs/events_71500_to_71599_train.pt with 87 events
Event 71600...
Event 71625...
Event 71650...
Event 71675...
Saving chunk 716 to /eos/user/e/ebornand/DFEI/FullMC/npy_array/magdown/neutrals_with_id/graphs_nedges/train_graphs/events_71600_to_71699_train.pt with 84 events
Event 71700...
Event 71725...
Event 71750...
Event 71775...
Saving chunk 717 to /eos/user/e/ebornand/DFEI/FullMC/npy_array/magdown/neutrals_with_id/graphs_nedges/train_graphs/events_71700_to_71799_train.pt with 86 events
Event 71800...
Event 71825...
Event 71850...
Event 71875...
Saving chunk 718 to /eos/user/e/ebornand/DFEI/FullMC/npy_array/magdown/neutrals_with_id/graphs_nedges/train_graphs/events_71800_to_71899_train.pt with 91 events
Event 71900...
Event 71925...
Event 71950...
Event 71975...
Saving chunk 719 to /eos/user/e/ebornand/DFEI/FullMC/npy_array/magdown/neutrals_with_id/graphs_nedges/train_graphs/events_71900_to_71999_train.pt with 88 events
Event 72000...
Event 72025...
Event 72050...
Event 72075...
Saving chunk 720 to /eos/user/e/ebornand/DFEI/FullMC/npy_array/magdown/neutrals_with_id/graphs_nedges/train_graphs/events_72000_to_72099_train.pt with 86 events
Event 72100...
Event 72125...
Event 72150...
Event 72175...
Saving chunk 721 to /eos/user/e/ebornand/DFEI/FullMC/npy_array/magdown/neutrals_with_id/graphs_nedges/train_graphs/events_72100_to_72199_train.pt with 83 events
Event 72200...
Event 72225...
Event 72250...
Event 72275...
Saving chunk 722 to /eos/user/e/ebornand/DFEI/FullMC/npy_array/magdown/neutrals_with_id/graphs_nedges/train_graphs/events_72200_to_72299_train.pt with 80 events
Event 72300...
Event 72325...
Event 72350...
Event 72375...
Saving chunk 723 to /eos/user/e/ebornand/DFEI/FullMC/npy_array/magdown/neutrals_with_id/graphs_nedges/train_graphs/events_72300_to_72399_train.pt with 83 events
Event 72400...
Event 72425...
Event 72450...
Event 72475...
Saving chunk 724 to /eos/user/e/ebornand/DFEI/FullMC/npy_array/magdown/neutrals_with_id/graphs_nedges/train_graphs/events_72400_to_72499_train.pt with 84 events
Event 72500...
Event 72525...
Event 72550...
Event 72575...
Saving chunk 725 to /eos/user/e/ebornand/DFEI/FullMC/npy_array/magdown/neutrals_with_id/graphs_nedges/train_graphs/events_72500_to_72599_train.pt with 84 events
Event 72600...
Event 72625...
Event 72650...
Event 72675...
Saving chunk 726 to /eos/user/e/ebornand/DFEI/FullMC/npy_array/magdown/neutrals_with_id/graphs_nedges/train_graphs/events_72600_to_72699_train.pt with 90 events
Event 72700...
Event 72725...
Event 72750...
Event 72775...
Saving chunk 727 to /eos/user/e/ebornand/DFEI/FullMC/npy_array/magdown/neutrals_with_id/graphs_nedges/train_graphs/events_72700_to_72799_train.pt with 88 events
Event 72800...
Event 72825...
Event 72850...
Event 72875...
Saving chunk 728 to /eos/user/e/ebornand/DFEI/FullMC/npy_array/magdown/neutrals_with_id/graphs_nedges/train_graphs/events_72800_to_72899_train.pt with 83 events
Event 72900...
Event 72925...
Event 72950...
Event 72975...
Saving chunk 729 to /eos/user/e/ebornand/DFEI/FullMC/npy_array/magdown/neutrals_with_id/graphs_nedges/train_graphs/events_72900_to_72999_train.pt with 86 events
Event 73000...
Event 73025...
Event 73050...
Event 73075...
Saving chunk 730 to /eos/user/e/ebornand/DFEI/FullMC/npy_array/magdown/neutrals_with_id/graphs_nedges/train_graphs/events_73000_to_73099_train.pt with 86 events
Event 73100...
Event 73125...
Event 73150...
Event 73175...
Saving chunk 731 to /eos/user/e/ebornand/DFEI/FullMC/npy_array/magdown/neutrals_with_id/graphs_nedges/train_graphs/events_73100_to_73199_train.pt with 87 events
Event 73200...
Event 73225...
Event 73250...
Event 73275...
Saving chunk 732 to /eos/user/e/ebornand/DFEI/FullMC/npy_array/magdown/neutrals_with_id/graphs_nedges/train_graphs/events_73200_to_73299_train.pt with 85 events
Event 73300...
Event 73325...
Event 73350...
Event 73375...
Saving chunk 733 to /eos/user/e/ebornand/DFEI/FullMC/npy_array/magdown/neutrals_with_id/graphs_nedges/train_graphs/events_73300_to_73399_train.pt with 81 events
Event 73400...
Event 73425...
Event 73450...
Event 73475...
Saving chunk 734 to /eos/user/e/ebornand/DFEI/FullMC/npy_array/magdown/neutrals_with_id/graphs_nedges/train_graphs/events_73400_to_73499_train.pt with 86 events
Event 73500...
Event 73525...
Event 73550...
Event 73575...
Saving chunk 735 to /eos/user/e/ebornand/DFEI/FullMC/npy_array/magdown/neutrals_with_id/graphs_nedges/train_graphs/events_73500_to_73599_train.pt with 84 events
Event 73600...
Event 73625...
Event 73650...
Event 73675...
Saving chunk 736 to /eos/user/e/ebornand/DFEI/FullMC/npy_array/magdown/neutrals_with_id/graphs_nedges/train_graphs/events_73600_to_73699_train.pt with 87 events
Event 73700...
Event 73725...
Event 73750...
Event 73775...
Saving chunk 737 to /eos/user/e/ebornand/DFEI/FullMC/npy_array/magdown/neutrals_with_id/graphs_nedges/train_graphs/events_73700_to_73799_train.pt with 86 events
Event 73800...
Event 73825...
Event 73850...
Event 73875...
Saving chunk 738 to /eos/user/e/ebornand/DFEI/FullMC/npy_array/magdown/neutrals_with_id/graphs_nedges/train_graphs/events_73800_to_73899_train.pt with 90 events
Event 73900...
Event 73925...
Event 73950...
Event 73975...
Saving chunk 739 to /eos/user/e/ebornand/DFEI/FullMC/npy_array/magdown/neutrals_with_id/graphs_nedges/train_graphs/events_73900_to_73999_train.pt with 89 events
Event 74000...
Event 74025...
Event 74050...
Event 74075...
Saving chunk 740 to /eos/user/e/ebornand/DFEI/FullMC/npy_array/magdown/neutrals_with_id/graphs_nedges/train_graphs/events_74000_to_74099_train.pt with 85 events
Event 74100...
Event 74125...
Event 74150...
Event 74175...
Saving chunk 741 to /eos/user/e/ebornand/DFEI/FullMC/npy_array/magdown/neutrals_with_id/graphs_nedges/train_graphs/events_74100_to_74199_train.pt with 86 events
Event 74200...
Event 74225...
Event 74250...
Event 74275...
Saving chunk 742 to /eos/user/e/ebornand/DFEI/FullMC/npy_array/magdown/neutrals_with_id/graphs_nedges/train_graphs/events_74200_to_74299_train.pt with 88 events
Event 74300...
Event 74325...
Event 74350...
Event 74375...
Saving chunk 743 to /eos/user/e/ebornand/DFEI/FullMC/npy_array/magdown/neutrals_with_id/graphs_nedges/train_graphs/events_74300_to_74399_train.pt with 86 events
Event 74400...
Event 74425...
Event 74450...
Event 74475...
Saving chunk 744 to /eos/user/e/ebornand/DFEI/FullMC/npy_array/magdown/neutrals_with_id/graphs_nedges/train_graphs/events_74400_to_74499_train.pt with 94 events
Event 74500...
Event 74525...
Event 74550...
Event 74575...
Saving chunk 745 to /eos/user/e/ebornand/DFEI/FullMC/npy_array/magdown/neutrals_with_id/graphs_nedges/train_graphs/events_74500_to_74599_train.pt with 82 events
Event 74600...
Event 74625...
Event 74650...
Event 74675...
Saving chunk 746 to /eos/user/e/ebornand/DFEI/FullMC/npy_array/magdown/neutrals_with_id/graphs_nedges/train_graphs/events_74600_to_74699_train.pt with 83 events
Event 74700...
Event 74725...
Event 74750...
Event 74775...
Saving chunk 747 to /eos/user/e/ebornand/DFEI/FullMC/npy_array/magdown/neutrals_with_id/graphs_nedges/train_graphs/events_74700_to_74799_train.pt with 81 events
Event 74800...
Event 74825...
Event 74850...
Event 74875...
Saving chunk 748 to /eos/user/e/ebornand/DFEI/FullMC/npy_array/magdown/neutrals_with_id/graphs_nedges/train_graphs/events_74800_to_74899_train.pt with 83 events
Event 74900...
Event 74925...
Event 74950...
Event 74975...
Saving chunk 749 to /eos/user/e/ebornand/DFEI/FullMC/npy_array/magdown/neutrals_with_id/graphs_nedges/train_graphs/events_74900_to_74999_train.pt with 78 events
Event 75000...
Event 75025...
Event 75050...
Event 75075...
Saving chunk 750 to /eos/user/e/ebornand/DFEI/FullMC/npy_array/magdown/neutrals_with_id/graphs_nedges/train_graphs/events_75000_to_75099_train.pt with 88 events
Event 75100...
Event 75125...
Event 75150...
Event 75175...
Saving chunk 751 to /eos/user/e/ebornand/DFEI/FullMC/npy_array/magdown/neutrals_with_id/graphs_nedges/train_graphs/events_75100_to_75199_train.pt with 85 events
Event 75200...
Event 75225...
Event 75250...
Event 75275...
Saving chunk 752 to /eos/user/e/ebornand/DFEI/FullMC/npy_array/magdown/neutrals_with_id/graphs_nedges/train_graphs/events_75200_to_75299_train.pt with 78 events
Event 75300...
Event 75325...
Event 75350...
Event 75375...
Saving chunk 753 to /eos/user/e/ebornand/DFEI/FullMC/npy_array/magdown/neutrals_with_id/graphs_nedges/train_graphs/events_75300_to_75399_train.pt with 82 events
Event 75400...
Event 75425...
Event 75450...
Event 75475...
Saving chunk 754 to /eos/user/e/ebornand/DFEI/FullMC/npy_array/magdown/neutrals_with_id/graphs_nedges/train_graphs/events_75400_to_75499_train.pt with 86 events
Event 75500...
Event 75525...
Event 75550...
Event 75575...
Saving chunk 755 to /eos/user/e/ebornand/DFEI/FullMC/npy_array/magdown/neutrals_with_id/graphs_nedges/train_graphs/events_75500_to_75599_train.pt with 79 events
Event 75600...
Event 75625...
Event 75650...
Event 75675...
Saving chunk 756 to /eos/user/e/ebornand/DFEI/FullMC/npy_array/magdown/neutrals_with_id/graphs_nedges/train_graphs/events_75600_to_75699_train.pt with 92 events
Event 75700...
Event 75725...
Event 75750...
Event 75775...
Saving chunk 757 to /eos/user/e/ebornand/DFEI/FullMC/npy_array/magdown/neutrals_with_id/graphs_nedges/train_graphs/events_75700_to_75799_train.pt with 88 events
Event 75800...
Event 75825...
Event 75850...
Event 75875...
Saving chunk 758 to /eos/user/e/ebornand/DFEI/FullMC/npy_array/magdown/neutrals_with_id/graphs_nedges/train_graphs/events_75800_to_75899_train.pt with 91 events
Event 75900...
Event 75925...
Event 75950...
Event 75975...
Saving chunk 759 to /eos/user/e/ebornand/DFEI/FullMC/npy_array/magdown/neutrals_with_id/graphs_nedges/train_graphs/events_75900_to_75999_train.pt with 77 events
Event 76000...
Event 76025...
Event 76050...
Event 76075...
Saving chunk 760 to /eos/user/e/ebornand/DFEI/FullMC/npy_array/magdown/neutrals_with_id/graphs_nedges/train_graphs/events_76000_to_76099_train.pt with 86 events
Event 76100...
Event 76125...
Event 76150...
Event 76175...
Saving chunk 761 to /eos/user/e/ebornand/DFEI/FullMC/npy_array/magdown/neutrals_with_id/graphs_nedges/train_graphs/events_76100_to_76199_train.pt with 81 events
Event 76200...
Event 76225...
Event 76250...
Event 76275...
Saving chunk 762 to /eos/user/e/ebornand/DFEI/FullMC/npy_array/magdown/neutrals_with_id/graphs_nedges/train_graphs/events_76200_to_76299_train.pt with 87 events
Event 76300...
Event 76325...
Event 76350...
Event 76375...
Saving chunk 763 to /eos/user/e/ebornand/DFEI/FullMC/npy_array/magdown/neutrals_with_id/graphs_nedges/train_graphs/events_76300_to_76399_train.pt with 85 events
Event 76400...
Event 76425...
Event 76450...
Event 76475...
Saving chunk 764 to /eos/user/e/ebornand/DFEI/FullMC/npy_array/magdown/neutrals_with_id/graphs_nedges/train_graphs/events_76400_to_76499_train.pt with 85 events
Event 76500...
Event 76525...
Event 76550...
Event 76575...
Saving chunk 765 to /eos/user/e/ebornand/DFEI/FullMC/npy_array/magdown/neutrals_with_id/graphs_nedges/train_graphs/events_76500_to_76599_train.pt with 83 events
Event 76600...
Event 76625...
Event 76650...
Event 76675...
Saving chunk 766 to /eos/user/e/ebornand/DFEI/FullMC/npy_array/magdown/neutrals_with_id/graphs_nedges/train_graphs/events_76600_to_76699_train.pt with 83 events
Event 76700...
Event 76725...
Event 76750...
Event 76775...
Saving chunk 767 to /eos/user/e/ebornand/DFEI/FullMC/npy_array/magdown/neutrals_with_id/graphs_nedges/train_graphs/events_76700_to_76799_train.pt with 88 events
Event 76800...
Event 76825...
Event 76850...
Event 76875...
Saving chunk 768 to /eos/user/e/ebornand/DFEI/FullMC/npy_array/magdown/neutrals_with_id/graphs_nedges/train_graphs/events_76800_to_76899_train.pt with 86 events
Event 76900...
Event 76925...
Event 76950...
Event 76975...
Saving chunk 769 to /eos/user/e/ebornand/DFEI/FullMC/npy_array/magdown/neutrals_with_id/graphs_nedges/train_graphs/events_76900_to_76999_train.pt with 90 events
Event 77000...
Event 77025...
Event 77050...
Event 77075...
Saving chunk 770 to /eos/user/e/ebornand/DFEI/FullMC/npy_array/magdown/neutrals_with_id/graphs_nedges/train_graphs/events_77000_to_77099_train.pt with 87 events
Event 77100...
Event 77125...
Event 77150...
Event 77175...
Saving chunk 771 to /eos/user/e/ebornand/DFEI/FullMC/npy_array/magdown/neutrals_with_id/graphs_nedges/train_graphs/events_77100_to_77199_train.pt with 90 events
Event 77200...
Event 77225...
Event 77250...
Event 77275...
Saving chunk 772 to /eos/user/e/ebornand/DFEI/FullMC/npy_array/magdown/neutrals_with_id/graphs_nedges/train_graphs/events_77200_to_77299_train.pt with 91 events
Event 77300...
Event 77325...
Event 77350...
Event 77375...
Saving chunk 773 to /eos/user/e/ebornand/DFEI/FullMC/npy_array/magdown/neutrals_with_id/graphs_nedges/train_graphs/events_77300_to_77399_train.pt with 81 events
Event 77400...
Event 77425...
Event 77450...
Event 77475...
Saving chunk 774 to /eos/user/e/ebornand/DFEI/FullMC/npy_array/magdown/neutrals_with_id/graphs_nedges/train_graphs/events_77400_to_77499_train.pt with 90 events
Event 77500...
Event 77525...
Event 77550...
Event 77575...
Saving chunk 775 to /eos/user/e/ebornand/DFEI/FullMC/npy_array/magdown/neutrals_with_id/graphs_nedges/train_graphs/events_77500_to_77599_train.pt with 85 events
Event 77600...
Event 77625...
Event 77650...
Event 77675...
Saving chunk 776 to /eos/user/e/ebornand/DFEI/FullMC/npy_array/magdown/neutrals_with_id/graphs_nedges/train_graphs/events_77600_to_77699_train.pt with 83 events
Event 77700...
Event 77725...
Event 77750...
Event 77775...
Saving chunk 777 to /eos/user/e/ebornand/DFEI/FullMC/npy_array/magdown/neutrals_with_id/graphs_nedges/train_graphs/events_77700_to_77799_train.pt with 78 events
Event 77800...
Event 77825...
Event 77850...
Event 77875...
Saving chunk 778 to /eos/user/e/ebornand/DFEI/FullMC/npy_array/magdown/neutrals_with_id/graphs_nedges/train_graphs/events_77800_to_77899_train.pt with 90 events
Event 77900...
Event 77925...
Event 77950...
Event 77975...
Saving chunk 779 to /eos/user/e/ebornand/DFEI/FullMC/npy_array/magdown/neutrals_with_id/graphs_nedges/train_graphs/events_77900_to_77999_train.pt with 80 events
Event 78000...
Event 78025...
Event 78050...
Event 78075...
Saving chunk 780 to /eos/user/e/ebornand/DFEI/FullMC/npy_array/magdown/neutrals_with_id/graphs_nedges/train_graphs/events_78000_to_78099_train.pt with 90 events
Event 78100...
Event 78125...
Event 78150...
Event 78175...
Saving chunk 781 to /eos/user/e/ebornand/DFEI/FullMC/npy_array/magdown/neutrals_with_id/graphs_nedges/train_graphs/events_78100_to_78199_train.pt with 90 events
Event 78200...
Event 78225...
Event 78250...
Event 78275...
Saving chunk 782 to /eos/user/e/ebornand/DFEI/FullMC/npy_array/magdown/neutrals_with_id/graphs_nedges/train_graphs/events_78200_to_78299_train.pt with 82 events
Event 78300...
Event 78325...
Event 78350...
Event 78375...
Saving chunk 783 to /eos/user/e/ebornand/DFEI/FullMC/npy_array/magdown/neutrals_with_id/graphs_nedges/train_graphs/events_78300_to_78399_train.pt with 83 events
Event 78400...
Event 78425...
Event 78450...
Event 78475...
Saving chunk 784 to /eos/user/e/ebornand/DFEI/FullMC/npy_array/magdown/neutrals_with_id/graphs_nedges/train_graphs/events_78400_to_78499_train.pt with 84 events
Event 78500...
Event 78525...
Event 78550...
Event 78575...
Saving chunk 785 to /eos/user/e/ebornand/DFEI/FullMC/npy_array/magdown/neutrals_with_id/graphs_nedges/train_graphs/events_78500_to_78599_train.pt with 82 events
Event 78600...
Event 78625...
Event 78650...
Event 78675...
Saving chunk 786 to /eos/user/e/ebornand/DFEI/FullMC/npy_array/magdown/neutrals_with_id/graphs_nedges/train_graphs/events_78600_to_78699_train.pt with 91 events
Event 78700...
Event 78725...
Event 78750...
Event 78775...
Saving chunk 787 to /eos/user/e/ebornand/DFEI/FullMC/npy_array/magdown/neutrals_with_id/graphs_nedges/train_graphs/events_78700_to_78799_train.pt with 85 events
Event 78800...
Event 78825...
Event 78850...
Event 78875...
Saving chunk 788 to /eos/user/e/ebornand/DFEI/FullMC/npy_array/magdown/neutrals_with_id/graphs_nedges/train_graphs/events_78800_to_78899_train.pt with 89 events
Event 78900...
Event 78925...
Event 78950...
Event 78975...
Saving chunk 789 to /eos/user/e/ebornand/DFEI/FullMC/npy_array/magdown/neutrals_with_id/graphs_nedges/train_graphs/events_78900_to_78999_train.pt with 88 events
Event 79000...
Event 79025...
Event 79050...
Event 79075...
Saving chunk 790 to /eos/user/e/ebornand/DFEI/FullMC/npy_array/magdown/neutrals_with_id/graphs_nedges/train_graphs/events_79000_to_79099_train.pt with 87 events
Event 79100...
Event 79125...
Event 79150...
Event 79175...
Saving chunk 791 to /eos/user/e/ebornand/DFEI/FullMC/npy_array/magdown/neutrals_with_id/graphs_nedges/train_graphs/events_79100_to_79199_train.pt with 84 events
Event 79200...
Event 79225...
Event 79250...
Event 79275...
Saving chunk 792 to /eos/user/e/ebornand/DFEI/FullMC/npy_array/magdown/neutrals_with_id/graphs_nedges/train_graphs/events_79200_to_79299_train.pt with 81 events
Event 79300...
Event 79325...
Event 79350...
Event 79375...
Saving chunk 793 to /eos/user/e/ebornand/DFEI/FullMC/npy_array/magdown/neutrals_with_id/graphs_nedges/train_graphs/events_79300_to_79399_train.pt with 86 events
Event 79400...
Event 79425...
Event 79450...
Event 79475...
Saving chunk 794 to /eos/user/e/ebornand/DFEI/FullMC/npy_array/magdown/neutrals_with_id/graphs_nedges/train_graphs/events_79400_to_79499_train.pt with 82 events
Processed 67853 events in 18919.50s, avg 0.28s/event
Generating graphs from scratch...
Event 0...
Event 25...
Event 50...
Event 75...
Saving chunk 0 to /eos/user/e/ebornand/DFEI/FullMC/npy_array/magdown/neutrals_with_id/graphs_nedges/val_graphs/events_00000_to_00099_val.pt with 83 events
Event 100...
Event 125...
Event 150...
Event 175...
Saving chunk 1 to /eos/user/e/ebornand/DFEI/FullMC/npy_array/magdown/neutrals_with_id/graphs_nedges/val_graphs/events_00100_to_00199_val.pt with 87 events
Event 200...
Event 225...
Event 250...
Event 275...
Saving chunk 2 to /eos/user/e/ebornand/DFEI/FullMC/npy_array/magdown/neutrals_with_id/graphs_nedges/val_graphs/events_00200_to_00299_val.pt with 83 events
Event 300...
Event 325...
Event 350...
Event 375...
Saving chunk 3 to /eos/user/e/ebornand/DFEI/FullMC/npy_array/magdown/neutrals_with_id/graphs_nedges/val_graphs/events_00300_to_00399_val.pt with 87 events
Event 400...
Event 425...
Event 450...
Event 475...
Saving chunk 4 to /eos/user/e/ebornand/DFEI/FullMC/npy_array/magdown/neutrals_with_id/graphs_nedges/val_graphs/events_00400_to_00499_val.pt with 81 events
Event 500...
Event 525...
Event 550...
Event 575...
Saving chunk 5 to /eos/user/e/ebornand/DFEI/FullMC/npy_array/magdown/neutrals_with_id/graphs_nedges/val_graphs/events_00500_to_00599_val.pt with 77 events
Event 600...
Event 625...
Event 650...
Event 675...
Saving chunk 6 to /eos/user/e/ebornand/DFEI/FullMC/npy_array/magdown/neutrals_with_id/graphs_nedges/val_graphs/events_00600_to_00699_val.pt with 84 events
Event 700...
Event 725...
Event 750...
Event 775...
Saving chunk 7 to /eos/user/e/ebornand/DFEI/FullMC/npy_array/magdown/neutrals_with_id/graphs_nedges/val_graphs/events_00700_to_00799_val.pt with 85 events
Event 800...
Event 825...
Event 850...
Event 875...
Saving chunk 8 to /eos/user/e/ebornand/DFEI/FullMC/npy_array/magdown/neutrals_with_id/graphs_nedges/val_graphs/events_00800_to_00899_val.pt with 82 events
Event 900...
Event 925...
Event 950...
Event 975...
Saving chunk 9 to /eos/user/e/ebornand/DFEI/FullMC/npy_array/magdown/neutrals_with_id/graphs_nedges/val_graphs/events_00900_to_00999_val.pt with 82 events
Event 1000...
Event 1025...
Event 1050...
Event 1075...
Saving chunk 10 to /eos/user/e/ebornand/DFEI/FullMC/npy_array/magdown/neutrals_with_id/graphs_nedges/val_graphs/events_01000_to_01099_val.pt with 81 events
Event 1100...
Event 1125...
Event 1150...
Event 1175...
Saving chunk 11 to /eos/user/e/ebornand/DFEI/FullMC/npy_array/magdown/neutrals_with_id/graphs_nedges/val_graphs/events_01100_to_01199_val.pt with 83 events
Event 1200...
Event 1225...
Event 1250...
Event 1275...
Saving chunk 12 to /eos/user/e/ebornand/DFEI/FullMC/npy_array/magdown/neutrals_with_id/graphs_nedges/val_graphs/events_01200_to_01299_val.pt with 82 events
Event 1300...
Event 1325...
Event 1350...
Event 1375...
Saving chunk 13 to /eos/user/e/ebornand/DFEI/FullMC/npy_array/magdown/neutrals_with_id/graphs_nedges/val_graphs/events_01300_to_01399_val.pt with 82 events
Event 1400...
Event 1425...
Event 1450...
Event 1475...
Saving chunk 14 to /eos/user/e/ebornand/DFEI/FullMC/npy_array/magdown/neutrals_with_id/graphs_nedges/val_graphs/events_01400_to_01499_val.pt with 86 events
Event 1500...
Event 1525...
Event 1550...
Event 1575...
Saving chunk 15 to /eos/user/e/ebornand/DFEI/FullMC/npy_array/magdown/neutrals_with_id/graphs_nedges/val_graphs/events_01500_to_01599_val.pt with 84 events
Event 1600...
Event 1625...
Event 1650...
Event 1675...
Saving chunk 16 to /eos/user/e/ebornand/DFEI/FullMC/npy_array/magdown/neutrals_with_id/graphs_nedges/val_graphs/events_01600_to_01699_val.pt with 85 events
Event 1700...
Event 1725...
Event 1750...
Event 1775...
Saving chunk 17 to /eos/user/e/ebornand/DFEI/FullMC/npy_array/magdown/neutrals_with_id/graphs_nedges/val_graphs/events_01700_to_01799_val.pt with 85 events
Event 1800...
Event 1825...
Event 1850...
Event 1875...
Saving chunk 18 to /eos/user/e/ebornand/DFEI/FullMC/npy_array/magdown/neutrals_with_id/graphs_nedges/val_graphs/events_01800_to_01899_val.pt with 95 events
Event 1900...
Event 1925...
Event 1950...
Event 1975...
Saving chunk 19 to /eos/user/e/ebornand/DFEI/FullMC/npy_array/magdown/neutrals_with_id/graphs_nedges/val_graphs/events_01900_to_01999_val.pt with 86 events
Event 2000...
Event 2025...
Event 2050...
Event 2075...
Saving chunk 20 to /eos/user/e/ebornand/DFEI/FullMC/npy_array/magdown/neutrals_with_id/graphs_nedges/val_graphs/events_02000_to_02099_val.pt with 87 events
Event 2100...
Event 2125...
Event 2150...
Event 2175...
Saving chunk 21 to /eos/user/e/ebornand/DFEI/FullMC/npy_array/magdown/neutrals_with_id/graphs_nedges/val_graphs/events_02100_to_02199_val.pt with 82 events
Event 2200...
Event 2225...
Event 2250...
Event 2275...
Saving chunk 22 to /eos/user/e/ebornand/DFEI/FullMC/npy_array/magdown/neutrals_with_id/graphs_nedges/val_graphs/events_02200_to_02299_val.pt with 86 events
Event 2300...
Event 2325...
Event 2350...
Event 2375...
Saving chunk 23 to /eos/user/e/ebornand/DFEI/FullMC/npy_array/magdown/neutrals_with_id/graphs_nedges/val_graphs/events_02300_to_02399_val.pt with 92 events
Event 2400...
Event 2425...
Event 2450...
Event 2475...
Saving chunk 24 to /eos/user/e/ebornand/DFEI/FullMC/npy_array/magdown/neutrals_with_id/graphs_nedges/val_graphs/events_02400_to_02499_val.pt with 89 events
Event 2500...
Event 2525...
Event 2550...
Event 2575...
Saving chunk 25 to /eos/user/e/ebornand/DFEI/FullMC/npy_array/magdown/neutrals_with_id/graphs_nedges/val_graphs/events_02500_to_02599_val.pt with 85 events
Event 2600...
Event 2625...
Event 2650...
Event 2675...
Saving chunk 26 to /eos/user/e/ebornand/DFEI/FullMC/npy_array/magdown/neutrals_with_id/graphs_nedges/val_graphs/events_02600_to_02699_val.pt with 83 events
Event 2700...
Event 2725...
Event 2750...
Event 2775...
Saving chunk 27 to /eos/user/e/ebornand/DFEI/FullMC/npy_array/magdown/neutrals_with_id/graphs_nedges/val_graphs/events_02700_to_02799_val.pt with 83 events
Event 2800...
Event 2825...
Event 2850...
Event 2875...
Saving chunk 28 to /eos/user/e/ebornand/DFEI/FullMC/npy_array/magdown/neutrals_with_id/graphs_nedges/val_graphs/events_02800_to_02899_val.pt with 91 events
Event 2900...
Event 2925...
Event 2950...
Event 2975...
Saving chunk 29 to /eos/user/e/ebornand/DFEI/FullMC/npy_array/magdown/neutrals_with_id/graphs_nedges/val_graphs/events_02900_to_02999_val.pt with 85 events
Event 3000...
Event 3025...
Event 3050...
Event 3075...
Saving chunk 30 to /eos/user/e/ebornand/DFEI/FullMC/npy_array/magdown/neutrals_with_id/graphs_nedges/val_graphs/events_03000_to_03099_val.pt with 81 events
Event 3100...
Event 3125...
Event 3150...
Event 3175...
Saving chunk 31 to /eos/user/e/ebornand/DFEI/FullMC/npy_array/magdown/neutrals_with_id/graphs_nedges/val_graphs/events_03100_to_03199_val.pt with 83 events
Event 3200...
Event 3225...
Event 3250...
Event 3275...
Saving chunk 32 to /eos/user/e/ebornand/DFEI/FullMC/npy_array/magdown/neutrals_with_id/graphs_nedges/val_graphs/events_03200_to_03299_val.pt with 88 events
Event 3300...
Event 3325...
Event 3350...
Event 3375...
Saving chunk 33 to /eos/user/e/ebornand/DFEI/FullMC/npy_array/magdown/neutrals_with_id/graphs_nedges/val_graphs/events_03300_to_03399_val.pt with 80 events
Event 3400...
Event 3425...
Event 3450...
Event 3475...
Saving chunk 34 to /eos/user/e/ebornand/DFEI/FullMC/npy_array/magdown/neutrals_with_id/graphs_nedges/val_graphs/events_03400_to_03499_val.pt with 89 events
Event 3500...
Event 3525...
Event 3550...
Event 3575...
Saving chunk 35 to /eos/user/e/ebornand/DFEI/FullMC/npy_array/magdown/neutrals_with_id/graphs_nedges/val_graphs/events_03500_to_03599_val.pt with 89 events
Event 3600...
Event 3625...
Event 3650...
Event 3675...
Saving chunk 36 to /eos/user/e/ebornand/DFEI/FullMC/npy_array/magdown/neutrals_with_id/graphs_nedges/val_graphs/events_03600_to_03699_val.pt with 83 events
Event 3700...
Event 3725...
Event 3750...
Event 3775...
Saving chunk 37 to /eos/user/e/ebornand/DFEI/FullMC/npy_array/magdown/neutrals_with_id/graphs_nedges/val_graphs/events_03700_to_03799_val.pt with 87 events
Event 3800...
Event 3825...
Event 3850...
Event 3875...
Saving chunk 38 to /eos/user/e/ebornand/DFEI/FullMC/npy_array/magdown/neutrals_with_id/graphs_nedges/val_graphs/events_03800_to_03899_val.pt with 87 events
Event 3900...
Event 3925...
Event 3950...
Event 3975...
Saving chunk 39 to /eos/user/e/ebornand/DFEI/FullMC/npy_array/magdown/neutrals_with_id/graphs_nedges/val_graphs/events_03900_to_03999_val.pt with 84 events
Event 4000...
Event 4025...
Event 4050...
Event 4075...
Saving chunk 40 to /eos/user/e/ebornand/DFEI/FullMC/npy_array/magdown/neutrals_with_id/graphs_nedges/val_graphs/events_04000_to_04099_val.pt with 88 events
Event 4100...
Event 4125...
Event 4150...
Event 4175...
Saving chunk 41 to /eos/user/e/ebornand/DFEI/FullMC/npy_array/magdown/neutrals_with_id/graphs_nedges/val_graphs/events_04100_to_04199_val.pt with 85 events
Event 4200...
Event 4225...
Event 4250...
Event 4275...
Saving chunk 42 to /eos/user/e/ebornand/DFEI/FullMC/npy_array/magdown/neutrals_with_id/graphs_nedges/val_graphs/events_04200_to_04299_val.pt with 83 events
Event 4300...
Event 4325...
Event 4350...
Event 4375...
Saving chunk 43 to /eos/user/e/ebornand/DFEI/FullMC/npy_array/magdown/neutrals_with_id/graphs_nedges/val_graphs/events_04300_to_04399_val.pt with 86 events
Event 4400...
Event 4425...
Event 4450...
Event 4475...
Saving chunk 44 to /eos/user/e/ebornand/DFEI/FullMC/npy_array/magdown/neutrals_with_id/graphs_nedges/val_graphs/events_04400_to_04499_val.pt with 86 events
Event 4500...
Event 4525...
Event 4550...
Event 4575...
Saving chunk 45 to /eos/user/e/ebornand/DFEI/FullMC/npy_array/magdown/neutrals_with_id/graphs_nedges/val_graphs/events_04500_to_04599_val.pt with 89 events
Event 4600...
Event 4625...
Event 4650...
Event 4675...
Saving chunk 46 to /eos/user/e/ebornand/DFEI/FullMC/npy_array/magdown/neutrals_with_id/graphs_nedges/val_graphs/events_04600_to_04699_val.pt with 80 events
Event 4700...
Event 4725...
Event 4750...
Event 4775...
Saving chunk 47 to /eos/user/e/ebornand/DFEI/FullMC/npy_array/magdown/neutrals_with_id/graphs_nedges/val_graphs/events_04700_to_04799_val.pt with 78 events
Event 4800...
Event 4825...
Event 4850...
Event 4875...
Saving chunk 48 to /eos/user/e/ebornand/DFEI/FullMC/npy_array/magdown/neutrals_with_id/graphs_nedges/val_graphs/events_04800_to_04899_val.pt with 87 events
Event 4900...
Event 4925...
Event 4950...
Event 4975...
Saving chunk 49 to /eos/user/e/ebornand/DFEI/FullMC/npy_array/magdown/neutrals_with_id/graphs_nedges/val_graphs/events_04900_to_04999_val.pt with 84 events
Event 5000...
Event 5025...
Event 5050...
Event 5075...
Saving chunk 50 to /eos/user/e/ebornand/DFEI/FullMC/npy_array/magdown/neutrals_with_id/graphs_nedges/val_graphs/events_05000_to_05099_val.pt with 86 events
Event 5100...
Event 5125...
Event 5150...
Event 5175...
Saving chunk 51 to /eos/user/e/ebornand/DFEI/FullMC/npy_array/magdown/neutrals_with_id/graphs_nedges/val_graphs/events_05100_to_05199_val.pt with 86 events
Event 5200...
Event 5225...
Event 5250...
Event 5275...
Saving chunk 52 to /eos/user/e/ebornand/DFEI/FullMC/npy_array/magdown/neutrals_with_id/graphs_nedges/val_graphs/events_05200_to_05299_val.pt with 86 events
Event 5300...
Event 5325...
Event 5350...
Event 5375...
Saving chunk 53 to /eos/user/e/ebornand/DFEI/FullMC/npy_array/magdown/neutrals_with_id/graphs_nedges/val_graphs/events_05300_to_05399_val.pt with 84 events
Event 5400...
Event 5425...
Event 5450...
Event 5475...
Saving chunk 54 to /eos/user/e/ebornand/DFEI/FullMC/npy_array/magdown/neutrals_with_id/graphs_nedges/val_graphs/events_05400_to_05499_val.pt with 82 events
Event 5500...
Event 5525...
Event 5550...
Event 5575...
Saving chunk 55 to /eos/user/e/ebornand/DFEI/FullMC/npy_array/magdown/neutrals_with_id/graphs_nedges/val_graphs/events_05500_to_05599_val.pt with 90 events
Event 5600...
Event 5625...
Event 5650...
Event 5675...
Saving chunk 56 to /eos/user/e/ebornand/DFEI/FullMC/npy_array/magdown/neutrals_with_id/graphs_nedges/val_graphs/events_05600_to_05699_val.pt with 80 events
Event 5700...
Event 5725...
Event 5750...
Event 5775...
Saving chunk 57 to /eos/user/e/ebornand/DFEI/FullMC/npy_array/magdown/neutrals_with_id/graphs_nedges/val_graphs/events_05700_to_05799_val.pt with 83 events
Event 5800...
Event 5825...
Event 5850...
Event 5875...
Saving chunk 58 to /eos/user/e/ebornand/DFEI/FullMC/npy_array/magdown/neutrals_with_id/graphs_nedges/val_graphs/events_05800_to_05899_val.pt with 89 events
Event 5900...
Event 5925...
Event 5950...
Event 5975...
Saving chunk 59 to /eos/user/e/ebornand/DFEI/FullMC/npy_array/magdown/neutrals_with_id/graphs_nedges/val_graphs/events_05900_to_05999_val.pt with 84 events
Event 6000...
Event 6025...
Event 6050...
Event 6075...
Saving chunk 60 to /eos/user/e/ebornand/DFEI/FullMC/npy_array/magdown/neutrals_with_id/graphs_nedges/val_graphs/events_06000_to_06099_val.pt with 83 events
Event 6100...
Event 6125...
Event 6150...
Event 6175...
Saving chunk 61 to /eos/user/e/ebornand/DFEI/FullMC/npy_array/magdown/neutrals_with_id/graphs_nedges/val_graphs/events_06100_to_06199_val.pt with 85 events
Event 6200...
Event 6225...
Event 6250...
Event 6275...
Saving chunk 62 to /eos/user/e/ebornand/DFEI/FullMC/npy_array/magdown/neutrals_with_id/graphs_nedges/val_graphs/events_06200_to_06299_val.pt with 76 events
Event 6300...
Event 6325...
Event 6350...
Event 6375...
Saving chunk 63 to /eos/user/e/ebornand/DFEI/FullMC/npy_array/magdown/neutrals_with_id/graphs_nedges/val_graphs/events_06300_to_06399_val.pt with 86 events
Event 6400...
Event 6425...
Event 6450...
Event 6475...
Saving chunk 64 to /eos/user/e/ebornand/DFEI/FullMC/npy_array/magdown/neutrals_with_id/graphs_nedges/val_graphs/events_06400_to_06499_val.pt with 84 events
Event 6500...
Event 6525...
Event 6550...
Event 6575...
Saving chunk 65 to /eos/user/e/ebornand/DFEI/FullMC/npy_array/magdown/neutrals_with_id/graphs_nedges/val_graphs/events_06500_to_06599_val.pt with 85 events
Event 6600...
Event 6625...
Event 6650...
Event 6675...
Saving chunk 66 to /eos/user/e/ebornand/DFEI/FullMC/npy_array/magdown/neutrals_with_id/graphs_nedges/val_graphs/events_06600_to_06699_val.pt with 85 events
Event 6700...
Event 6725...
Event 6750...
Event 6775...
Saving chunk 67 to /eos/user/e/ebornand/DFEI/FullMC/npy_array/magdown/neutrals_with_id/graphs_nedges/val_graphs/events_06700_to_06799_val.pt with 83 events
Event 6800...
Event 6825...
Event 6850...
Event 6875...
Saving chunk 68 to /eos/user/e/ebornand/DFEI/FullMC/npy_array/magdown/neutrals_with_id/graphs_nedges/val_graphs/events_06800_to_06899_val.pt with 84 events
Event 6900...
Event 6925...
Event 6950...
Event 6975...
Saving chunk 69 to /eos/user/e/ebornand/DFEI/FullMC/npy_array/magdown/neutrals_with_id/graphs_nedges/val_graphs/events_06900_to_06999_val.pt with 82 events
Event 7000...
Event 7025...
Event 7050...
Event 7075...
Saving chunk 70 to /eos/user/e/ebornand/DFEI/FullMC/npy_array/magdown/neutrals_with_id/graphs_nedges/val_graphs/events_07000_to_07099_val.pt with 83 events
Event 7100...
Event 7125...
Event 7150...
Event 7175...
Saving chunk 71 to /eos/user/e/ebornand/DFEI/FullMC/npy_array/magdown/neutrals_with_id/graphs_nedges/val_graphs/events_07100_to_07199_val.pt with 83 events
Event 7200...
Event 7225...
Event 7250...
Event 7275...
Saving chunk 72 to /eos/user/e/ebornand/DFEI/FullMC/npy_array/magdown/neutrals_with_id/graphs_nedges/val_graphs/events_07200_to_07299_val.pt with 85 events
Event 7300...
Event 7325...
Event 7350...
Event 7375...
Saving chunk 73 to /eos/user/e/ebornand/DFEI/FullMC/npy_array/magdown/neutrals_with_id/graphs_nedges/val_graphs/events_07300_to_07399_val.pt with 84 events
Event 7400...
Event 7425...
Event 7450...
Event 7475...
Saving chunk 74 to /eos/user/e/ebornand/DFEI/FullMC/npy_array/magdown/neutrals_with_id/graphs_nedges/val_graphs/events_07400_to_07499_val.pt with 80 events
Event 7500...
Event 7525...
Event 7550...
Event 7575...
Saving chunk 75 to /eos/user/e/ebornand/DFEI/FullMC/npy_array/magdown/neutrals_with_id/graphs_nedges/val_graphs/events_07500_to_07599_val.pt with 92 events
Event 7600...
Event 7625...
Event 7650...
Event 7675...
Saving chunk 76 to /eos/user/e/ebornand/DFEI/FullMC/npy_array/magdown/neutrals_with_id/graphs_nedges/val_graphs/events_07600_to_07699_val.pt with 86 events
Event 7700...
Event 7725...
Event 7750...
Event 7775...
Saving chunk 77 to /eos/user/e/ebornand/DFEI/FullMC/npy_array/magdown/neutrals_with_id/graphs_nedges/val_graphs/events_07700_to_07799_val.pt with 81 events
Event 7800...
Event 7825...
Event 7850...
Event 7875...
Saving chunk 78 to /eos/user/e/ebornand/DFEI/FullMC/npy_array/magdown/neutrals_with_id/graphs_nedges/val_graphs/events_07800_to_07899_val.pt with 86 events
Event 7900...
Event 7925...
Event 7950...
Event 7975...
Saving chunk 79 to /eos/user/e/ebornand/DFEI/FullMC/npy_array/magdown/neutrals_with_id/graphs_nedges/val_graphs/events_07900_to_07999_val.pt with 88 events
Event 8000...
Event 8025...
Event 8050...
Event 8075...
Saving chunk 80 to /eos/user/e/ebornand/DFEI/FullMC/npy_array/magdown/neutrals_with_id/graphs_nedges/val_graphs/events_08000_to_08099_val.pt with 83 events
Event 8100...
Event 8125...
Event 8150...
Event 8175...
Saving chunk 81 to /eos/user/e/ebornand/DFEI/FullMC/npy_array/magdown/neutrals_with_id/graphs_nedges/val_graphs/events_08100_to_08199_val.pt with 88 events
Event 8200...
Event 8225...
Event 8250...
Event 8275...
Saving chunk 82 to /eos/user/e/ebornand/DFEI/FullMC/npy_array/magdown/neutrals_with_id/graphs_nedges/val_graphs/events_08200_to_08299_val.pt with 82 events
Event 8300...
Event 8325...
Event 8350...
Event 8375...
Saving chunk 83 to /eos/user/e/ebornand/DFEI/FullMC/npy_array/magdown/neutrals_with_id/graphs_nedges/val_graphs/events_08300_to_08399_val.pt with 86 events
Event 8400...
Event 8425...
Event 8450...
Event 8475...
Saving chunk 84 to /eos/user/e/ebornand/DFEI/FullMC/npy_array/magdown/neutrals_with_id/graphs_nedges/val_graphs/events_08400_to_08499_val.pt with 84 events
Event 8500...
Event 8525...
Event 8550...
Event 8575...
Saving chunk 85 to /eos/user/e/ebornand/DFEI/FullMC/npy_array/magdown/neutrals_with_id/graphs_nedges/val_graphs/events_08500_to_08599_val.pt with 86 events
Event 8600...
Event 8625...
Event 8650...
Event 8675...
Saving chunk 86 to /eos/user/e/ebornand/DFEI/FullMC/npy_array/magdown/neutrals_with_id/graphs_nedges/val_graphs/events_08600_to_08699_val.pt with 87 events
Event 8700...
Event 8725...
Event 8750...
Event 8775...
Saving chunk 87 to /eos/user/e/ebornand/DFEI/FullMC/npy_array/magdown/neutrals_with_id/graphs_nedges/val_graphs/events_08700_to_08799_val.pt with 88 events
Event 8800...
Event 8825...
Event 8850...
Event 8875...
Saving chunk 88 to /eos/user/e/ebornand/DFEI/FullMC/npy_array/magdown/neutrals_with_id/graphs_nedges/val_graphs/events_08800_to_08899_val.pt with 91 events
Event 8900...
Event 8925...
Event 8950...
Event 8975...
Saving chunk 89 to /eos/user/e/ebornand/DFEI/FullMC/npy_array/magdown/neutrals_with_id/graphs_nedges/val_graphs/events_08900_to_08999_val.pt with 81 events
Event 9000...
Event 9025...
Event 9050...
Event 9075...
Saving chunk 90 to /eos/user/e/ebornand/DFEI/FullMC/npy_array/magdown/neutrals_with_id/graphs_nedges/val_graphs/events_09000_to_09099_val.pt with 90 events
Event 9100...
Event 9125...
Event 9150...
Event 9175...
Saving chunk 91 to /eos/user/e/ebornand/DFEI/FullMC/npy_array/magdown/neutrals_with_id/graphs_nedges/val_graphs/events_09100_to_09199_val.pt with 83 events
Event 9200...
Event 9225...
Event 9250...
Event 9275...
Saving chunk 92 to /eos/user/e/ebornand/DFEI/FullMC/npy_array/magdown/neutrals_with_id/graphs_nedges/val_graphs/events_09200_to_09299_val.pt with 83 events
Event 9300...
Event 9325...
Event 9350...
Event 9375...
Saving chunk 93 to /eos/user/e/ebornand/DFEI/FullMC/npy_array/magdown/neutrals_with_id/graphs_nedges/val_graphs/events_09300_to_09399_val.pt with 91 events
Event 9400...
Event 9425...
Event 9450...
Event 9475...
Saving chunk 94 to /eos/user/e/ebornand/DFEI/FullMC/npy_array/magdown/neutrals_with_id/graphs_nedges/val_graphs/events_09400_to_09499_val.pt with 88 events
Event 9500...
Event 9525...
Event 9550...
Event 9575...
Saving chunk 95 to /eos/user/e/ebornand/DFEI/FullMC/npy_array/magdown/neutrals_with_id/graphs_nedges/val_graphs/events_09500_to_09599_val.pt with 92 events
Event 9600...
Event 9625...
Event 9650...
Event 9675...
Saving chunk 96 to /eos/user/e/ebornand/DFEI/FullMC/npy_array/magdown/neutrals_with_id/graphs_nedges/val_graphs/events_09600_to_09699_val.pt with 86 events
Event 9700...
Event 9725...
Event 9750...
Event 9775...
Saving chunk 97 to /eos/user/e/ebornand/DFEI/FullMC/npy_array/magdown/neutrals_with_id/graphs_nedges/val_graphs/events_09700_to_09799_val.pt with 88 events
Event 9800...
Event 9825...
Event 9850...
Event 9875...
Saving chunk 98 to /eos/user/e/ebornand/DFEI/FullMC/npy_array/magdown/neutrals_with_id/graphs_nedges/val_graphs/events_09800_to_09899_val.pt with 88 events
Event 9900...
Event 9925...
Event 9950...
Event 9975...
Saving chunk 99 to /eos/user/e/ebornand/DFEI/FullMC/npy_array/magdown/neutrals_with_id/graphs_nedges/val_graphs/events_09900_to_09999_val.pt with 80 events
Event 10000...
Event 10025...
Event 10050...
Event 10075...
Saving chunk 100 to /eos/user/e/ebornand/DFEI/FullMC/npy_array/magdown/neutrals_with_id/graphs_nedges/val_graphs/events_10000_to_10099_val.pt with 83 events
Event 10100...
Event 10125...
Event 10150...
Event 10175...
Saving chunk 101 to /eos/user/e/ebornand/DFEI/FullMC/npy_array/magdown/neutrals_with_id/graphs_nedges/val_graphs/events_10100_to_10199_val.pt with 89 events
Event 10200...
Event 10225...
Event 10250...
Event 10275...
Saving chunk 102 to /eos/user/e/ebornand/DFEI/FullMC/npy_array/magdown/neutrals_with_id/graphs_nedges/val_graphs/events_10200_to_10299_val.pt with 88 events
Event 10300...
Event 10325...
Event 10350...
Event 10375...
Saving chunk 103 to /eos/user/e/ebornand/DFEI/FullMC/npy_array/magdown/neutrals_with_id/graphs_nedges/val_graphs/events_10300_to_10399_val.pt with 82 events
Event 10400...
Event 10425...
Event 10450...
Event 10475...
Saving chunk 104 to /eos/user/e/ebornand/DFEI/FullMC/npy_array/magdown/neutrals_with_id/graphs_nedges/val_graphs/events_10400_to_10499_val.pt with 82 events
Event 10500...
Event 10525...
Event 10550...
Event 10575...
Saving chunk 105 to /eos/user/e/ebornand/DFEI/FullMC/npy_array/magdown/neutrals_with_id/graphs_nedges/val_graphs/events_10500_to_10599_val.pt with 84 events
Event 10600...
Event 10625...
Event 10650...
Event 10675...
Saving chunk 106 to /eos/user/e/ebornand/DFEI/FullMC/npy_array/magdown/neutrals_with_id/graphs_nedges/val_graphs/events_10600_to_10699_val.pt with 80 events
Event 10700...
Event 10725...
Event 10750...
Saving chunk 107 to /eos/user/e/ebornand/DFEI/FullMC/npy_array/magdown/neutrals_with_id/graphs_nedges/val_graphs/events_10700_to_10753_val.pt with 47 events
Processed 9131 events in 2519.27s, avg 0.28s/event
Initializing model neutral_heterognn
Training model
Amount signal: 86680, 0.019705387632118508
Amount bkg: 4312117, 0.9802946123678815
Amount total: 4398797
Weights :tensor([ 0.5101, 25.3738])
Use logits False
Checkpoint path: outputs/Final_neutrals_magdown_6block_40+5_epochs_message_passing_BCE/
Running 40 epochs with learning rate 0.001
[05:49:14]  At epoch 0
  batch 3181 last_batch 3181 loss: 1.339120542841938
  batch 570 last_batch 570 loss: 1.2406605786398837
Epoch 0 | default threshold:
  Train - Acc: 0.7159, Eff: 0.3663, Rej: 0.7229, ROC AUC: 0.5775
  Val   - Acc: 0.5627, Eff: 0.8182, Rej: 0.5575, ROC AUC: 0.7669
[06:07:38]  At epoch 1
  batch 3181 last_batch 3181 loss: 1.1123862299144136
  batch 570 last_batch 570 loss: 1.0860286739834568
Epoch 1 | default threshold:
  Train - Acc: 0.7080, Eff: 0.6985, Rej: 0.7082, ROC AUC: 0.7769
  Val   - Acc: 0.7136, Eff: 0.7167, Rej: 0.7136, ROC AUC: 0.7953
[06:23:10]  At epoch 2
  batch 3181 last_batch 3181 loss: 1.089892583330335
  batch 570 last_batch 570 loss: 1.1072616301084819
No improvement in validation loss. Patience: 1/6
Epoch 2 | default threshold:
  Train - Acc: 0.7000, Eff: 0.7213, Rej: 0.6995, ROC AUC: 0.7876
  Val   - Acc: 0.7084, Eff: 0.7232, Rej: 0.7081, ROC AUC: 0.7954
[06:38:43]  At epoch 3
  batch 3181 last_batch 3181 loss: 1.0839116153046982
  batch 570 last_batch 570 loss: 1.0784843963489197
Epoch 3 | default threshold:
  Train - Acc: 0.7032, Eff: 0.7236, Rej: 0.7028, ROC AUC: 0.7900
  Val   - Acc: 0.7744, Eff: 0.6584, Rej: 0.7767, ROC AUC: 0.7998
[06:54:21]  At epoch 4
  batch 3181 last_batch 3181 loss: 1.0782634165068912
  batch 570 last_batch 570 loss: 1.0742801124589485
Epoch 4 | default threshold:
  Train - Acc: 0.7073, Eff: 0.7226, Rej: 0.7070, ROC AUC: 0.7926
  Val   - Acc: 0.7208, Eff: 0.7106, Rej: 0.7210, ROC AUC: 0.7966
[07:10:00]  At epoch 5
  batch 3181 last_batch 3181 loss: 1.0754905647543458
  batch 570 last_batch 570 loss: 1.0714867835504966
Epoch 5 | default threshold:
  Train - Acc: 0.7063, Eff: 0.7269, Rej: 0.7059, ROC AUC: 0.7939
  Val   - Acc: 0.6506, Eff: 0.7909, Rej: 0.6478, ROC AUC: 0.8026
[07:25:36]  At epoch 6
  batch 3181 last_batch 3181 loss: 1.071804395320842
  batch 570 last_batch 570 loss: 1.0673353219241426
Epoch 6 | default threshold:
  Train - Acc: 0.7103, Eff: 0.7257, Rej: 0.7100, ROC AUC: 0.7952
  Val   - Acc: 0.7379, Eff: 0.7013, Rej: 0.7386, ROC AUC: 0.8020
[07:41:12]  At epoch 7
  batch 3181 last_batch 3181 loss: 1.0742672706542244
  batch 570 last_batch 570 loss: 1.0677169488187421
No improvement in validation loss. Patience: 1/6
Epoch 7 | default threshold:
  Train - Acc: 0.7107, Eff: 0.7237, Rej: 0.7104, ROC AUC: 0.7946
  Val   - Acc: 0.7041, Eff: 0.7373, Rej: 0.7034, ROC AUC: 0.8012
[07:56:44]  At epoch 8
  batch 3181 last_batch 3181 loss: 1.0725297417628694
  batch 570 last_batch 570 loss: 1.0632010927325801
Epoch 8 | default threshold:
  Train - Acc: 0.7031, Eff: 0.7311, Rej: 0.7025, ROC AUC: 0.7956
  Val   - Acc: 0.7215, Eff: 0.7234, Rej: 0.7214, ROC AUC: 0.8029
[08:12:18]  At epoch 9
  batch 3181 last_batch 3181 loss: 1.065877881843839
  batch 570 last_batch 570 loss: 1.073826794561587
No improvement in validation loss. Patience: 1/6
Epoch 9 | default threshold:
  Train - Acc: 0.7131, Eff: 0.7230, Rej: 0.7129, ROC AUC: 0.7969
  Val   - Acc: 0.6772, Eff: 0.7688, Rej: 0.6753, ROC AUC: 0.8046
[08:27:50]  At epoch 10
  batch 3181 last_batch 3181 loss: 1.0681337306275378
  batch 570 last_batch 570 loss: 1.0635740736074615
No improvement in validation loss. Patience: 2/6
Epoch 10 | default threshold:
  Train - Acc: 0.7095, Eff: 0.7268, Rej: 0.7091, ROC AUC: 0.7967
  Val   - Acc: 0.6994, Eff: 0.7446, Rej: 0.6985, ROC AUC: 0.8020
[08:43:24]  At epoch 11
  batch 3181 last_batch 3181 loss: 1.0700715816890396
  batch 570 last_batch 570 loss: 1.0656947442314082
No improvement in validation loss. Patience: 3/6
Epoch 11 | default threshold:
  Train - Acc: 0.7050, Eff: 0.7334, Rej: 0.7044, ROC AUC: 0.7977
  Val   - Acc: 0.7053, Eff: 0.7393, Rej: 0.7046, ROC AUC: 0.8028
[08:58:56]  At epoch 12
  batch 3181 last_batch 3181 loss: 1.0681077331276443
  batch 570 last_batch 570 loss: 1.0656645919147292
No improvement in validation loss. Patience: 4/6
Epoch 12 | default threshold:
  Train - Acc: 0.7140, Eff: 0.7234, Rej: 0.7138, ROC AUC: 0.7980
  Val   - Acc: 0.7129, Eff: 0.7354, Rej: 0.7125, ROC AUC: 0.8041
Saving checkpoint at epoch 12
Checkpoint saved to outputs/Final_neutrals_magdown_6block_40+5_epochs_message_passing_BCE/checkpoint_12.pt
[09:14:31]  At epoch 13
  batch 3181 last_batch 3181 loss: 1.0656863916823416
  batch 570 last_batch 570 loss: 1.0646762181792342
No improvement in validation loss. Patience: 5/6
Epoch 13 | default threshold:
  Train - Acc: 0.7088, Eff: 0.7312, Rej: 0.7084, ROC AUC: 0.7981
  Val   - Acc: 0.6887, Eff: 0.7552, Rej: 0.6874, ROC AUC: 0.8029
[09:30:01]  At epoch 14
  batch 3181 last_batch 3181 loss: 1.0644196024371257
  batch 570 last_batch 570 loss: 1.0566491632085098
Epoch 14 | default threshold:
  Train - Acc: 0.7153, Eff: 0.7215, Rej: 0.7152, ROC AUC: 0.7981
  Val   - Acc: 0.6877, Eff: 0.7639, Rej: 0.6862, ROC AUC: 0.8055
[09:45:31]  At epoch 15
  batch 3181 last_batch 3181 loss: 1.0642023912693337
  batch 570 last_batch 570 loss: 1.0672045735936415
No improvement in validation loss. Patience: 1/6
Epoch 15 | default threshold:
  Train - Acc: 0.7079, Eff: 0.7319, Rej: 0.7075, ROC AUC: 0.7990
  Val   - Acc: 0.7359, Eff: 0.7101, Rej: 0.7364, ROC AUC: 0.8034
[10:01:03]  At epoch 16
  batch 3181 last_batch 3181 loss: 1.0612028501611654
  batch 570 last_batch 570 loss: 1.0565979831051409
Not enough improvement in validation loss (less than 0.001). Patience: 1.5/6
Epoch 16 | default threshold:
  Train - Acc: 0.7120, Eff: 0.7275, Rej: 0.7117, ROC AUC: 0.7992
  Val   - Acc: 0.7327, Eff: 0.7154, Rej: 0.7330, ROC AUC: 0.8059
[10:16:35]  At epoch 17
  batch 3181 last_batch 3181 loss: 1.0603521479933713
  batch 570 last_batch 570 loss: 1.0592353751784878
No improvement in validation loss. Patience: 2.5/6
Epoch 17 | default threshold:
  Train - Acc: 0.7103, Eff: 0.7308, Rej: 0.7099, ROC AUC: 0.7999
  Val   - Acc: 0.7131, Eff: 0.7357, Rej: 0.7126, ROC AUC: 0.8054
[10:32:04]  At epoch 18
  batch 3181 last_batch 3181 loss: 1.0620222235580392
  batch 570 last_batch 570 loss: 1.0575827274406164
No improvement in validation loss. Patience: 3.5/6
Epoch 18 | default threshold:
  Train - Acc: 0.7105, Eff: 0.7290, Rej: 0.7101, ROC AUC: 0.7992
  Val   - Acc: 0.7410, Eff: 0.7056, Rej: 0.7417, ROC AUC: 0.8051
[10:47:34]  At epoch 19
  batch 3181 last_batch 3181 loss: 1.0583645269316873
  batch 570 last_batch 570 loss: 1.0575444703562218
No improvement in validation loss. Patience: 4.5/6
Epoch 19 | default threshold:
  Train - Acc: 0.7087, Eff: 0.7322, Rej: 0.7082, ROC AUC: 0.7997
  Val   - Acc: 0.7263, Eff: 0.7214, Rej: 0.7264, ROC AUC: 0.8049
[11:03:00]  At epoch 20
  batch 3181 last_batch 3181 loss: 1.063456109168956
  batch 570 last_batch 570 loss: 1.0632853209972382
No improvement in validation loss. Patience: 5.5/6
Epoch 20 | default threshold:
  Train - Acc: 0.7112, Eff: 0.7269, Rej: 0.7109, ROC AUC: 0.7988
  Val   - Acc: 0.6598, Eff: 0.7878, Rej: 0.6572, ROC AUC: 0.8067
[11:18:27]  At epoch 21
  batch 3181 last_batch 3181 loss: 1.0591012712208514
  batch 570 last_batch 570 loss: 1.0791324160600964
No improvement in validation loss. Patience: 6.5/6
Epoch 21 | default threshold:
  Train - Acc: 0.7055, Eff: 0.7360, Rej: 0.7049, ROC AUC: 0.8007
  Val   - Acc: 0.6670, Eff: 0.7843, Rej: 0.6646, ROC AUC: 0.8052
Early stopping at epoch 21. Best epoch was 16 with val_loss=1.0566
Model weights restored to best epoch 16
Running 5 epochs with learning rate 0.0001
[11:33:54]  At epoch 22
  batch 3181 last_batch 3181 loss: 1.0450637210318594
  batch 570 last_batch 570 loss: 1.0517210278594702
Epoch 22 | default threshold:
  Train - Acc: 0.7183, Eff: 0.7298, Rej: 0.7180, ROC AUC: 0.8048
  Val   - Acc: 0.7076, Eff: 0.7461, Rej: 0.7068, ROC AUC: 0.8071
[11:49:19]  At epoch 23
  batch 3181 last_batch 3181 loss: 1.0464274899384691
  batch 570 last_batch 570 loss: 1.0507154501321023
Epoch 23 | default threshold:
  Train - Acc: 0.7190, Eff: 0.7298, Rej: 0.7188, ROC AUC: 0.8049
  Val   - Acc: 0.6993, Eff: 0.7535, Rej: 0.6982, ROC AUC: 0.8073
[12:04:47]  At epoch 24
  batch 3181 last_batch 3181 loss: 1.0476222585784831
  batch 570 last_batch 570 loss: 1.0504821580752992
Epoch 24 | default threshold:
  Train - Acc: 0.7146, Eff: 0.7351, Rej: 0.7142, ROC AUC: 0.8052
  Val   - Acc: 0.7067, Eff: 0.7454, Rej: 0.7059, ROC AUC: 0.8077
[12:20:11]  At epoch 25
  batch 3181 last_batch 3181 loss: 1.0475329648432812
  batch 570 last_batch 570 loss: 1.0519046508429344
No improvement in validation loss. Patience: 1/100
Epoch 25 | default threshold:
  Train - Acc: 0.7186, Eff: 0.7304, Rej: 0.7184, ROC AUC: 0.8057
  Val   - Acc: 0.7292, Eff: 0.7245, Rej: 0.7292, ROC AUC: 0.8078
[12:35:38]  At epoch 26
  batch 3181 last_batch 3181 loss: 1.043227118840198
  batch 570 last_batch 570 loss: 1.050335373167406
Epoch 26 | default threshold:
  Train - Acc: 0.7159, Eff: 0.7362, Rej: 0.7155, ROC AUC: 0.8067
  Val   - Acc: 0.7281, Eff: 0.7244, Rej: 0.7282, ROC AUC: 0.8075
Model weights restored to best epoch 26
Training finished. Saving model in Final_neutrals_magdown_6block_40+5_epochs_message_passing_BCE.pt
Checkpoint saved to outputs/Final_neutrals_magdown_6block_40+5_epochs_message_passing_BCE/Final_neutrals_magdown_6block_40+5_epochs_message_passing_BCE.pt
Saving config file as txt file
