Mon Aug 18 12:29:12 2025       
+-----------------------------------------------------------------------------------------+
| NVIDIA-SMI 575.57.08              Driver Version: 575.57.08      CUDA Version: 12.9     |
|-----------------------------------------+------------------------+----------------------+
| GPU  Name                 Persistence-M | Bus-Id          Disp.A | Volatile Uncorr. ECC |
| Fan  Temp   Perf          Pwr:Usage/Cap |           Memory-Usage | GPU-Util  Compute M. |
|                                         |                        |               MIG M. |
|=========================================+========================+======================|
|   0  Tesla V100S-PCIE-32GB          Off |   00000000:07:00.0 Off |                    0 |
| N/A   35C    P0             25W /  250W |       4MiB /  32768MiB |      0%      Default |
|                                         |                        |                  N/A |
+-----------------------------------------+------------------------+----------------------+
                                                                                         
+-----------------------------------------------------------------------------------------+
| Processes:                                                                              |
|  GPU   GI   CI              PID   Type   Process name                        GPU Memory |
|        ID   ID                                                               Usage      |
|=========================================================================================|
|  No running processes found                                                             |
+-----------------------------------------------------------------------------------------+
Loading Config
Loading Dataset neutrals
Using 79500 events for training
Using 10754 events for validation
Creating neutrals dataset...
Data loader created
Generating graphs from scratch...
Event 0...
Event 25...
Event 50...
Event 75...
Saving chunk 0 to /eos/user/e/ebornand/DFEI/FullMC/npy_array/magdown/neutrals_with_id/graphs/train_graphs/events_00000_to_00099_train.pt with 85 events
Event 100...
Event 125...
Event 150...
Event 175...
Saving chunk 1 to /eos/user/e/ebornand/DFEI/FullMC/npy_array/magdown/neutrals_with_id/graphs/train_graphs/events_00100_to_00199_train.pt with 83 events
Event 200...
Event 225...
Event 250...
Event 275...
Saving chunk 2 to /eos/user/e/ebornand/DFEI/FullMC/npy_array/magdown/neutrals_with_id/graphs/train_graphs/events_00200_to_00299_train.pt with 84 events
Event 300...
Event 325...
Event 350...
Event 375...
Saving chunk 3 to /eos/user/e/ebornand/DFEI/FullMC/npy_array/magdown/neutrals_with_id/graphs/train_graphs/events_00300_to_00399_train.pt with 85 events
Event 400...
Event 425...
Event 450...
Event 475...
Saving chunk 4 to /eos/user/e/ebornand/DFEI/FullMC/npy_array/magdown/neutrals_with_id/graphs/train_graphs/events_00400_to_00499_train.pt with 85 events
Event 500...
Event 525...
Event 550...
Event 575...
Saving chunk 5 to /eos/user/e/ebornand/DFEI/FullMC/npy_array/magdown/neutrals_with_id/graphs/train_graphs/events_00500_to_00599_train.pt with 87 events
Event 600...
Event 625...
Event 650...
Event 675...
Saving chunk 6 to /eos/user/e/ebornand/DFEI/FullMC/npy_array/magdown/neutrals_with_id/graphs/train_graphs/events_00600_to_00699_train.pt with 92 events
Event 700...
Event 725...
Event 750...
Event 775...
Saving chunk 7 to /eos/user/e/ebornand/DFEI/FullMC/npy_array/magdown/neutrals_with_id/graphs/train_graphs/events_00700_to_00799_train.pt with 84 events
Event 800...
Event 825...
Event 850...
Event 875...
Saving chunk 8 to /eos/user/e/ebornand/DFEI/FullMC/npy_array/magdown/neutrals_with_id/graphs/train_graphs/events_00800_to_00899_train.pt with 88 events
Event 900...
Event 925...
Event 950...
Event 975...
Saving chunk 9 to /eos/user/e/ebornand/DFEI/FullMC/npy_array/magdown/neutrals_with_id/graphs/train_graphs/events_00900_to_00999_train.pt with 90 events
Event 1000...
Event 1025...
Event 1050...
Event 1075...
Saving chunk 10 to /eos/user/e/ebornand/DFEI/FullMC/npy_array/magdown/neutrals_with_id/graphs/train_graphs/events_01000_to_01099_train.pt with 90 events
Event 1100...
Event 1125...
Event 1150...
Event 1175...
Saving chunk 11 to /eos/user/e/ebornand/DFEI/FullMC/npy_array/magdown/neutrals_with_id/graphs/train_graphs/events_01100_to_01199_train.pt with 85 events
Event 1200...
Event 1225...
Event 1250...
Event 1275...
Saving chunk 12 to /eos/user/e/ebornand/DFEI/FullMC/npy_array/magdown/neutrals_with_id/graphs/train_graphs/events_01200_to_01299_train.pt with 90 events
Event 1300...
Event 1325...
Event 1350...
Event 1375...
Saving chunk 13 to /eos/user/e/ebornand/DFEI/FullMC/npy_array/magdown/neutrals_with_id/graphs/train_graphs/events_01300_to_01399_train.pt with 86 events
Event 1400...
Event 1425...
Event 1450...
Event 1475...
Saving chunk 14 to /eos/user/e/ebornand/DFEI/FullMC/npy_array/magdown/neutrals_with_id/graphs/train_graphs/events_01400_to_01499_train.pt with 91 events
Event 1500...
Event 1525...
Event 1550...
Event 1575...
Saving chunk 15 to /eos/user/e/ebornand/DFEI/FullMC/npy_array/magdown/neutrals_with_id/graphs/train_graphs/events_01500_to_01599_train.pt with 89 events
Event 1600...
Event 1625...
Event 1650...
Event 1675...
Saving chunk 16 to /eos/user/e/ebornand/DFEI/FullMC/npy_array/magdown/neutrals_with_id/graphs/train_graphs/events_01600_to_01699_train.pt with 89 events
Event 1700...
Event 1725...
Event 1750...
Event 1775...
Saving chunk 17 to /eos/user/e/ebornand/DFEI/FullMC/npy_array/magdown/neutrals_with_id/graphs/train_graphs/events_01700_to_01799_train.pt with 85 events
Event 1800...
Event 1825...
Event 1850...
Event 1875...
Saving chunk 18 to /eos/user/e/ebornand/DFEI/FullMC/npy_array/magdown/neutrals_with_id/graphs/train_graphs/events_01800_to_01899_train.pt with 82 events
Event 1900...
Event 1925...
Event 1950...
Event 1975...
Saving chunk 19 to /eos/user/e/ebornand/DFEI/FullMC/npy_array/magdown/neutrals_with_id/graphs/train_graphs/events_01900_to_01999_train.pt with 80 events
Event 2000...
Event 2025...
Event 2050...
Event 2075...
Saving chunk 20 to /eos/user/e/ebornand/DFEI/FullMC/npy_array/magdown/neutrals_with_id/graphs/train_graphs/events_02000_to_02099_train.pt with 81 events
Event 2100...
Event 2125...
Event 2150...
Event 2175...
Saving chunk 21 to /eos/user/e/ebornand/DFEI/FullMC/npy_array/magdown/neutrals_with_id/graphs/train_graphs/events_02100_to_02199_train.pt with 85 events
Event 2200...
Event 2225...
Event 2250...
Event 2275...
Saving chunk 22 to /eos/user/e/ebornand/DFEI/FullMC/npy_array/magdown/neutrals_with_id/graphs/train_graphs/events_02200_to_02299_train.pt with 84 events
Event 2300...
Event 2325...
Event 2350...
Event 2375...
Saving chunk 23 to /eos/user/e/ebornand/DFEI/FullMC/npy_array/magdown/neutrals_with_id/graphs/train_graphs/events_02300_to_02399_train.pt with 89 events
Event 2400...
Event 2425...
Event 2450...
Event 2475...
Saving chunk 24 to /eos/user/e/ebornand/DFEI/FullMC/npy_array/magdown/neutrals_with_id/graphs/train_graphs/events_02400_to_02499_train.pt with 80 events
Event 2500...
Event 2525...
Event 2550...
Event 2575...
Saving chunk 25 to /eos/user/e/ebornand/DFEI/FullMC/npy_array/magdown/neutrals_with_id/graphs/train_graphs/events_02500_to_02599_train.pt with 80 events
Event 2600...
Event 2625...
Event 2650...
Event 2675...
Saving chunk 26 to /eos/user/e/ebornand/DFEI/FullMC/npy_array/magdown/neutrals_with_id/graphs/train_graphs/events_02600_to_02699_train.pt with 81 events
Event 2700...
Event 2725...
Event 2750...
Event 2775...
Saving chunk 27 to /eos/user/e/ebornand/DFEI/FullMC/npy_array/magdown/neutrals_with_id/graphs/train_graphs/events_02700_to_02799_train.pt with 86 events
Event 2800...
Event 2825...
Event 2850...
Event 2875...
Saving chunk 28 to /eos/user/e/ebornand/DFEI/FullMC/npy_array/magdown/neutrals_with_id/graphs/train_graphs/events_02800_to_02899_train.pt with 86 events
Event 2900...
Event 2925...
Event 2950...
Event 2975...
Saving chunk 29 to /eos/user/e/ebornand/DFEI/FullMC/npy_array/magdown/neutrals_with_id/graphs/train_graphs/events_02900_to_02999_train.pt with 89 events
Event 3000...
Event 3025...
Event 3050...
Event 3075...
Saving chunk 30 to /eos/user/e/ebornand/DFEI/FullMC/npy_array/magdown/neutrals_with_id/graphs/train_graphs/events_03000_to_03099_train.pt with 86 events
Event 3100...
Event 3125...
Event 3150...
Event 3175...
Saving chunk 31 to /eos/user/e/ebornand/DFEI/FullMC/npy_array/magdown/neutrals_with_id/graphs/train_graphs/events_03100_to_03199_train.pt with 88 events
Event 3200...
Event 3225...
Event 3250...
Event 3275...
Saving chunk 32 to /eos/user/e/ebornand/DFEI/FullMC/npy_array/magdown/neutrals_with_id/graphs/train_graphs/events_03200_to_03299_train.pt with 84 events
Event 3300...
Event 3325...
Event 3350...
Event 3375...
Saving chunk 33 to /eos/user/e/ebornand/DFEI/FullMC/npy_array/magdown/neutrals_with_id/graphs/train_graphs/events_03300_to_03399_train.pt with 87 events
Event 3400...
Event 3425...
Event 3450...
Event 3475...
Saving chunk 34 to /eos/user/e/ebornand/DFEI/FullMC/npy_array/magdown/neutrals_with_id/graphs/train_graphs/events_03400_to_03499_train.pt with 88 events
Event 3500...
Event 3525...
Event 3550...
Event 3575...
Saving chunk 35 to /eos/user/e/ebornand/DFEI/FullMC/npy_array/magdown/neutrals_with_id/graphs/train_graphs/events_03500_to_03599_train.pt with 85 events
Event 3600...
Event 3625...
Event 3650...
Event 3675...
Saving chunk 36 to /eos/user/e/ebornand/DFEI/FullMC/npy_array/magdown/neutrals_with_id/graphs/train_graphs/events_03600_to_03699_train.pt with 82 events
Event 3700...
Event 3725...
Event 3750...
Event 3775...
Saving chunk 37 to /eos/user/e/ebornand/DFEI/FullMC/npy_array/magdown/neutrals_with_id/graphs/train_graphs/events_03700_to_03799_train.pt with 86 events
Event 3800...
Event 3825...
Event 3850...
Event 3875...
Saving chunk 38 to /eos/user/e/ebornand/DFEI/FullMC/npy_array/magdown/neutrals_with_id/graphs/train_graphs/events_03800_to_03899_train.pt with 86 events
Event 3900...
Event 3925...
Event 3950...
Event 3975...
Saving chunk 39 to /eos/user/e/ebornand/DFEI/FullMC/npy_array/magdown/neutrals_with_id/graphs/train_graphs/events_03900_to_03999_train.pt with 78 events
Event 4000...
Event 4025...
Event 4050...
Event 4075...
Saving chunk 40 to /eos/user/e/ebornand/DFEI/FullMC/npy_array/magdown/neutrals_with_id/graphs/train_graphs/events_04000_to_04099_train.pt with 94 events
Event 4100...
Event 4125...
Event 4150...
Event 4175...
Saving chunk 41 to /eos/user/e/ebornand/DFEI/FullMC/npy_array/magdown/neutrals_with_id/graphs/train_graphs/events_04100_to_04199_train.pt with 80 events
Event 4200...
Event 4225...
Event 4250...
Event 4275...
Saving chunk 42 to /eos/user/e/ebornand/DFEI/FullMC/npy_array/magdown/neutrals_with_id/graphs/train_graphs/events_04200_to_04299_train.pt with 80 events
Event 4300...
Event 4325...
Event 4350...
Event 4375...
Saving chunk 43 to /eos/user/e/ebornand/DFEI/FullMC/npy_array/magdown/neutrals_with_id/graphs/train_graphs/events_04300_to_04399_train.pt with 86 events
Event 4400...
Event 4425...
Event 4450...
Event 4475...
Saving chunk 44 to /eos/user/e/ebornand/DFEI/FullMC/npy_array/magdown/neutrals_with_id/graphs/train_graphs/events_04400_to_04499_train.pt with 85 events
Event 4500...
Event 4525...
Event 4550...
Event 4575...
Saving chunk 45 to /eos/user/e/ebornand/DFEI/FullMC/npy_array/magdown/neutrals_with_id/graphs/train_graphs/events_04500_to_04599_train.pt with 88 events
Event 4600...
Event 4625...
Event 4650...
Event 4675...
Saving chunk 46 to /eos/user/e/ebornand/DFEI/FullMC/npy_array/magdown/neutrals_with_id/graphs/train_graphs/events_04600_to_04699_train.pt with 86 events
Event 4700...
Event 4725...
Event 4750...
Event 4775...
Saving chunk 47 to /eos/user/e/ebornand/DFEI/FullMC/npy_array/magdown/neutrals_with_id/graphs/train_graphs/events_04700_to_04799_train.pt with 89 events
Event 4800...
Event 4825...
Event 4850...
Event 4875...
Saving chunk 48 to /eos/user/e/ebornand/DFEI/FullMC/npy_array/magdown/neutrals_with_id/graphs/train_graphs/events_04800_to_04899_train.pt with 88 events
Event 4900...
Event 4925...
Event 4950...
Event 4975...
Saving chunk 49 to /eos/user/e/ebornand/DFEI/FullMC/npy_array/magdown/neutrals_with_id/graphs/train_graphs/events_04900_to_04999_train.pt with 90 events
Event 5000...
Event 5025...
Event 5050...
Event 5075...
Saving chunk 50 to /eos/user/e/ebornand/DFEI/FullMC/npy_array/magdown/neutrals_with_id/graphs/train_graphs/events_05000_to_05099_train.pt with 89 events
Event 5100...
Event 5125...
Event 5150...
Event 5175...
Saving chunk 51 to /eos/user/e/ebornand/DFEI/FullMC/npy_array/magdown/neutrals_with_id/graphs/train_graphs/events_05100_to_05199_train.pt with 88 events
Event 5200...
Event 5225...
Event 5250...
Event 5275...
Saving chunk 52 to /eos/user/e/ebornand/DFEI/FullMC/npy_array/magdown/neutrals_with_id/graphs/train_graphs/events_05200_to_05299_train.pt with 84 events
Event 5300...
Event 5325...
Event 5350...
Event 5375...
Saving chunk 53 to /eos/user/e/ebornand/DFEI/FullMC/npy_array/magdown/neutrals_with_id/graphs/train_graphs/events_05300_to_05399_train.pt with 94 events
Event 5400...
Event 5425...
Event 5450...
Event 5475...
Saving chunk 54 to /eos/user/e/ebornand/DFEI/FullMC/npy_array/magdown/neutrals_with_id/graphs/train_graphs/events_05400_to_05499_train.pt with 82 events
Event 5500...
Event 5525...
Event 5550...
Event 5575...
Saving chunk 55 to /eos/user/e/ebornand/DFEI/FullMC/npy_array/magdown/neutrals_with_id/graphs/train_graphs/events_05500_to_05599_train.pt with 89 events
Event 5600...
Event 5625...
Event 5650...
Event 5675...
Saving chunk 56 to /eos/user/e/ebornand/DFEI/FullMC/npy_array/magdown/neutrals_with_id/graphs/train_graphs/events_05600_to_05699_train.pt with 82 events
Event 5700...
Event 5725...
Event 5750...
Event 5775...
Saving chunk 57 to /eos/user/e/ebornand/DFEI/FullMC/npy_array/magdown/neutrals_with_id/graphs/train_graphs/events_05700_to_05799_train.pt with 82 events
Event 5800...
Event 5825...
Event 5850...
Event 5875...
Saving chunk 58 to /eos/user/e/ebornand/DFEI/FullMC/npy_array/magdown/neutrals_with_id/graphs/train_graphs/events_05800_to_05899_train.pt with 82 events
Event 5900...
Event 5925...
Event 5950...
Event 5975...
Saving chunk 59 to /eos/user/e/ebornand/DFEI/FullMC/npy_array/magdown/neutrals_with_id/graphs/train_graphs/events_05900_to_05999_train.pt with 81 events
Event 6000...
Event 6025...
Event 6050...
Event 6075...
Saving chunk 60 to /eos/user/e/ebornand/DFEI/FullMC/npy_array/magdown/neutrals_with_id/graphs/train_graphs/events_06000_to_06099_train.pt with 87 events
Event 6100...
Event 6125...
Event 6150...
Event 6175...
Saving chunk 61 to /eos/user/e/ebornand/DFEI/FullMC/npy_array/magdown/neutrals_with_id/graphs/train_graphs/events_06100_to_06199_train.pt with 87 events
Event 6200...
Event 6225...
Event 6250...
Event 6275...
Saving chunk 62 to /eos/user/e/ebornand/DFEI/FullMC/npy_array/magdown/neutrals_with_id/graphs/train_graphs/events_06200_to_06299_train.pt with 88 events
Event 6300...
Event 6325...
Event 6350...
Event 6375...
Saving chunk 63 to /eos/user/e/ebornand/DFEI/FullMC/npy_array/magdown/neutrals_with_id/graphs/train_graphs/events_06300_to_06399_train.pt with 85 events
Event 6400...
Event 6425...
Event 6450...
Event 6475...
Saving chunk 64 to /eos/user/e/ebornand/DFEI/FullMC/npy_array/magdown/neutrals_with_id/graphs/train_graphs/events_06400_to_06499_train.pt with 83 events
Event 6500...
Event 6525...
Event 6550...
Event 6575...
Saving chunk 65 to /eos/user/e/ebornand/DFEI/FullMC/npy_array/magdown/neutrals_with_id/graphs/train_graphs/events_06500_to_06599_train.pt with 84 events
Event 6600...
Event 6625...
Event 6650...
Event 6675...
Saving chunk 66 to /eos/user/e/ebornand/DFEI/FullMC/npy_array/magdown/neutrals_with_id/graphs/train_graphs/events_06600_to_06699_train.pt with 87 events
Event 6700...
Event 6725...
Event 6750...
Event 6775...
Saving chunk 67 to /eos/user/e/ebornand/DFEI/FullMC/npy_array/magdown/neutrals_with_id/graphs/train_graphs/events_06700_to_06799_train.pt with 83 events
Event 6800...
Event 6825...
Event 6850...
Event 6875...
Saving chunk 68 to /eos/user/e/ebornand/DFEI/FullMC/npy_array/magdown/neutrals_with_id/graphs/train_graphs/events_06800_to_06899_train.pt with 88 events
Event 6900...
Event 6925...
Event 6950...
Event 6975...
Saving chunk 69 to /eos/user/e/ebornand/DFEI/FullMC/npy_array/magdown/neutrals_with_id/graphs/train_graphs/events_06900_to_06999_train.pt with 89 events
Event 7000...
Event 7025...
Event 7050...
Event 7075...
Saving chunk 70 to /eos/user/e/ebornand/DFEI/FullMC/npy_array/magdown/neutrals_with_id/graphs/train_graphs/events_07000_to_07099_train.pt with 84 events
Event 7100...
Event 7125...
Event 7150...
Event 7175...
Saving chunk 71 to /eos/user/e/ebornand/DFEI/FullMC/npy_array/magdown/neutrals_with_id/graphs/train_graphs/events_07100_to_07199_train.pt with 81 events
Event 7200...
Event 7225...
Event 7250...
Event 7275...
Saving chunk 72 to /eos/user/e/ebornand/DFEI/FullMC/npy_array/magdown/neutrals_with_id/graphs/train_graphs/events_07200_to_07299_train.pt with 86 events
Event 7300...
Event 7325...
Event 7350...
Event 7375...
Saving chunk 73 to /eos/user/e/ebornand/DFEI/FullMC/npy_array/magdown/neutrals_with_id/graphs/train_graphs/events_07300_to_07399_train.pt with 84 events
Event 7400...
Event 7425...
Event 7450...
Event 7475...
Saving chunk 74 to /eos/user/e/ebornand/DFEI/FullMC/npy_array/magdown/neutrals_with_id/graphs/train_graphs/events_07400_to_07499_train.pt with 78 events
Event 7500...
Event 7525...
Event 7550...
Event 7575...
Saving chunk 75 to /eos/user/e/ebornand/DFEI/FullMC/npy_array/magdown/neutrals_with_id/graphs/train_graphs/events_07500_to_07599_train.pt with 88 events
Event 7600...
Event 7625...
Event 7650...
Event 7675...
Saving chunk 76 to /eos/user/e/ebornand/DFEI/FullMC/npy_array/magdown/neutrals_with_id/graphs/train_graphs/events_07600_to_07699_train.pt with 89 events
Event 7700...
Event 7725...
Event 7750...
Event 7775...
Saving chunk 77 to /eos/user/e/ebornand/DFEI/FullMC/npy_array/magdown/neutrals_with_id/graphs/train_graphs/events_07700_to_07799_train.pt with 81 events
Event 7800...
Event 7825...
Event 7850...
Event 7875...
Saving chunk 78 to /eos/user/e/ebornand/DFEI/FullMC/npy_array/magdown/neutrals_with_id/graphs/train_graphs/events_07800_to_07899_train.pt with 91 events
Event 7900...
Event 7925...
Event 7950...
Event 7975...
Saving chunk 79 to /eos/user/e/ebornand/DFEI/FullMC/npy_array/magdown/neutrals_with_id/graphs/train_graphs/events_07900_to_07999_train.pt with 81 events
Event 8000...
Event 8025...
Event 8050...
Event 8075...
Saving chunk 80 to /eos/user/e/ebornand/DFEI/FullMC/npy_array/magdown/neutrals_with_id/graphs/train_graphs/events_08000_to_08099_train.pt with 83 events
Event 8100...
Event 8125...
Event 8150...
Event 8175...
Saving chunk 81 to /eos/user/e/ebornand/DFEI/FullMC/npy_array/magdown/neutrals_with_id/graphs/train_graphs/events_08100_to_08199_train.pt with 84 events
Event 8200...
Event 8225...
Event 8250...
Event 8275...
Saving chunk 82 to /eos/user/e/ebornand/DFEI/FullMC/npy_array/magdown/neutrals_with_id/graphs/train_graphs/events_08200_to_08299_train.pt with 85 events
Event 8300...
Event 8325...
Event 8350...
Event 8375...
Saving chunk 83 to /eos/user/e/ebornand/DFEI/FullMC/npy_array/magdown/neutrals_with_id/graphs/train_graphs/events_08300_to_08399_train.pt with 84 events
Event 8400...
Event 8425...
Event 8450...
Event 8475...
Saving chunk 84 to /eos/user/e/ebornand/DFEI/FullMC/npy_array/magdown/neutrals_with_id/graphs/train_graphs/events_08400_to_08499_train.pt with 85 events
Event 8500...
Event 8525...
Event 8550...
Event 8575...
Saving chunk 85 to /eos/user/e/ebornand/DFEI/FullMC/npy_array/magdown/neutrals_with_id/graphs/train_graphs/events_08500_to_08599_train.pt with 87 events
Event 8600...
Event 8625...
Event 8650...
Event 8675...
Saving chunk 86 to /eos/user/e/ebornand/DFEI/FullMC/npy_array/magdown/neutrals_with_id/graphs/train_graphs/events_08600_to_08699_train.pt with 77 events
Event 8700...
Event 8725...
Event 8750...
Event 8775...
Saving chunk 87 to /eos/user/e/ebornand/DFEI/FullMC/npy_array/magdown/neutrals_with_id/graphs/train_graphs/events_08700_to_08799_train.pt with 84 events
Event 8800...
Event 8825...
Event 8850...
Event 8875...
Saving chunk 88 to /eos/user/e/ebornand/DFEI/FullMC/npy_array/magdown/neutrals_with_id/graphs/train_graphs/events_08800_to_08899_train.pt with 85 events
Event 8900...
Event 8925...
Event 8950...
Event 8975...
Saving chunk 89 to /eos/user/e/ebornand/DFEI/FullMC/npy_array/magdown/neutrals_with_id/graphs/train_graphs/events_08900_to_08999_train.pt with 87 events
Event 9000...
Event 9025...
Event 9050...
Event 9075...
Saving chunk 90 to /eos/user/e/ebornand/DFEI/FullMC/npy_array/magdown/neutrals_with_id/graphs/train_graphs/events_09000_to_09099_train.pt with 84 events
Event 9100...
Event 9125...
Event 9150...
Event 9175...
Saving chunk 91 to /eos/user/e/ebornand/DFEI/FullMC/npy_array/magdown/neutrals_with_id/graphs/train_graphs/events_09100_to_09199_train.pt with 89 events
Event 9200...
Event 9225...
Event 9250...
Event 9275...
Saving chunk 92 to /eos/user/e/ebornand/DFEI/FullMC/npy_array/magdown/neutrals_with_id/graphs/train_graphs/events_09200_to_09299_train.pt with 84 events
Event 9300...
Event 9325...
Event 9350...
Event 9375...
Saving chunk 93 to /eos/user/e/ebornand/DFEI/FullMC/npy_array/magdown/neutrals_with_id/graphs/train_graphs/events_09300_to_09399_train.pt with 80 events
Event 9400...
Event 9425...
Event 9450...
Event 9475...
Saving chunk 94 to /eos/user/e/ebornand/DFEI/FullMC/npy_array/magdown/neutrals_with_id/graphs/train_graphs/events_09400_to_09499_train.pt with 90 events
Event 9500...
Event 9525...
Event 9550...
Event 9575...
Saving chunk 95 to /eos/user/e/ebornand/DFEI/FullMC/npy_array/magdown/neutrals_with_id/graphs/train_graphs/events_09500_to_09599_train.pt with 83 events
Event 9600...
Event 9625...
Event 9650...
Event 9675...
Saving chunk 96 to /eos/user/e/ebornand/DFEI/FullMC/npy_array/magdown/neutrals_with_id/graphs/train_graphs/events_09600_to_09699_train.pt with 81 events
Event 9700...
Event 9725...
Event 9750...
Event 9775...
Saving chunk 97 to /eos/user/e/ebornand/DFEI/FullMC/npy_array/magdown/neutrals_with_id/graphs/train_graphs/events_09700_to_09799_train.pt with 89 events
Event 9800...
Event 9825...
Event 9850...
Event 9875...
Saving chunk 98 to /eos/user/e/ebornand/DFEI/FullMC/npy_array/magdown/neutrals_with_id/graphs/train_graphs/events_09800_to_09899_train.pt with 83 events
Event 9900...
Event 9925...
Event 9950...
Event 9975...
Saving chunk 99 to /eos/user/e/ebornand/DFEI/FullMC/npy_array/magdown/neutrals_with_id/graphs/train_graphs/events_09900_to_09999_train.pt with 88 events
Event 10000...
Event 10025...
Event 10050...
Event 10075...
Saving chunk 100 to /eos/user/e/ebornand/DFEI/FullMC/npy_array/magdown/neutrals_with_id/graphs/train_graphs/events_10000_to_10099_train.pt with 85 events
Event 10100...
Event 10125...
Event 10150...
Event 10175...
Saving chunk 101 to /eos/user/e/ebornand/DFEI/FullMC/npy_array/magdown/neutrals_with_id/graphs/train_graphs/events_10100_to_10199_train.pt with 81 events
Event 10200...
Event 10225...
Event 10250...
Event 10275...
Saving chunk 102 to /eos/user/e/ebornand/DFEI/FullMC/npy_array/magdown/neutrals_with_id/graphs/train_graphs/events_10200_to_10299_train.pt with 85 events
Event 10300...
Event 10325...
Event 10350...
Event 10375...
Saving chunk 103 to /eos/user/e/ebornand/DFEI/FullMC/npy_array/magdown/neutrals_with_id/graphs/train_graphs/events_10300_to_10399_train.pt with 88 events
Event 10400...
Event 10425...
Event 10450...
Event 10475...
Saving chunk 104 to /eos/user/e/ebornand/DFEI/FullMC/npy_array/magdown/neutrals_with_id/graphs/train_graphs/events_10400_to_10499_train.pt with 85 events
Event 10500...
Event 10525...
Event 10550...
Event 10575...
Saving chunk 105 to /eos/user/e/ebornand/DFEI/FullMC/npy_array/magdown/neutrals_with_id/graphs/train_graphs/events_10500_to_10599_train.pt with 81 events
Event 10600...
Event 10625...
Event 10650...
Event 10675...
Saving chunk 106 to /eos/user/e/ebornand/DFEI/FullMC/npy_array/magdown/neutrals_with_id/graphs/train_graphs/events_10600_to_10699_train.pt with 83 events
Event 10700...
Event 10725...
Event 10750...
Event 10775...
Saving chunk 107 to /eos/user/e/ebornand/DFEI/FullMC/npy_array/magdown/neutrals_with_id/graphs/train_graphs/events_10700_to_10799_train.pt with 89 events
Event 10800...
Event 10825...
Event 10850...
Event 10875...
Saving chunk 108 to /eos/user/e/ebornand/DFEI/FullMC/npy_array/magdown/neutrals_with_id/graphs/train_graphs/events_10800_to_10899_train.pt with 86 events
Event 10900...
Event 10925...
Event 10950...
Event 10975...
Saving chunk 109 to /eos/user/e/ebornand/DFEI/FullMC/npy_array/magdown/neutrals_with_id/graphs/train_graphs/events_10900_to_10999_train.pt with 82 events
Event 11000...
Event 11025...
Event 11050...
Event 11075...
Saving chunk 110 to /eos/user/e/ebornand/DFEI/FullMC/npy_array/magdown/neutrals_with_id/graphs/train_graphs/events_11000_to_11099_train.pt with 83 events
Event 11100...
Event 11125...
Event 11150...
Event 11175...
Saving chunk 111 to /eos/user/e/ebornand/DFEI/FullMC/npy_array/magdown/neutrals_with_id/graphs/train_graphs/events_11100_to_11199_train.pt with 78 events
Event 11200...
Event 11225...
Event 11250...
Event 11275...
Saving chunk 112 to /eos/user/e/ebornand/DFEI/FullMC/npy_array/magdown/neutrals_with_id/graphs/train_graphs/events_11200_to_11299_train.pt with 82 events
Event 11300...
Event 11325...
Event 11350...
Event 11375...
Saving chunk 113 to /eos/user/e/ebornand/DFEI/FullMC/npy_array/magdown/neutrals_with_id/graphs/train_graphs/events_11300_to_11399_train.pt with 81 events
Event 11400...
Event 11425...
Event 11450...
Event 11475...
Saving chunk 114 to /eos/user/e/ebornand/DFEI/FullMC/npy_array/magdown/neutrals_with_id/graphs/train_graphs/events_11400_to_11499_train.pt with 84 events
Event 11500...
Event 11525...
Event 11550...
Event 11575...
Saving chunk 115 to /eos/user/e/ebornand/DFEI/FullMC/npy_array/magdown/neutrals_with_id/graphs/train_graphs/events_11500_to_11599_train.pt with 84 events
Event 11600...
Event 11625...
Event 11650...
Event 11675...
Saving chunk 116 to /eos/user/e/ebornand/DFEI/FullMC/npy_array/magdown/neutrals_with_id/graphs/train_graphs/events_11600_to_11699_train.pt with 92 events
Event 11700...
Event 11725...
Event 11750...
Event 11775...
Saving chunk 117 to /eos/user/e/ebornand/DFEI/FullMC/npy_array/magdown/neutrals_with_id/graphs/train_graphs/events_11700_to_11799_train.pt with 85 events
Event 11800...
Event 11825...
Event 11850...
Event 11875...
Saving chunk 118 to /eos/user/e/ebornand/DFEI/FullMC/npy_array/magdown/neutrals_with_id/graphs/train_graphs/events_11800_to_11899_train.pt with 85 events
Event 11900...
Event 11925...
Event 11950...
Event 11975...
Saving chunk 119 to /eos/user/e/ebornand/DFEI/FullMC/npy_array/magdown/neutrals_with_id/graphs/train_graphs/events_11900_to_11999_train.pt with 86 events
Event 12000...
Event 12025...
Event 12050...
Event 12075...
Saving chunk 120 to /eos/user/e/ebornand/DFEI/FullMC/npy_array/magdown/neutrals_with_id/graphs/train_graphs/events_12000_to_12099_train.pt with 80 events
Event 12100...
Event 12125...
Event 12150...
Event 12175...
Saving chunk 121 to /eos/user/e/ebornand/DFEI/FullMC/npy_array/magdown/neutrals_with_id/graphs/train_graphs/events_12100_to_12199_train.pt with 94 events
Event 12200...
Event 12225...
Event 12250...
Event 12275...
Saving chunk 122 to /eos/user/e/ebornand/DFEI/FullMC/npy_array/magdown/neutrals_with_id/graphs/train_graphs/events_12200_to_12299_train.pt with 88 events
Event 12300...
Event 12325...
Event 12350...
Event 12375...
Saving chunk 123 to /eos/user/e/ebornand/DFEI/FullMC/npy_array/magdown/neutrals_with_id/graphs/train_graphs/events_12300_to_12399_train.pt with 84 events
Event 12400...
Event 12425...
Event 12450...
Event 12475...
Saving chunk 124 to /eos/user/e/ebornand/DFEI/FullMC/npy_array/magdown/neutrals_with_id/graphs/train_graphs/events_12400_to_12499_train.pt with 88 events
Event 12500...
Event 12525...
Event 12550...
Event 12575...
Saving chunk 125 to /eos/user/e/ebornand/DFEI/FullMC/npy_array/magdown/neutrals_with_id/graphs/train_graphs/events_12500_to_12599_train.pt with 85 events
Event 12600...
Event 12625...
Event 12650...
Event 12675...
Saving chunk 126 to /eos/user/e/ebornand/DFEI/FullMC/npy_array/magdown/neutrals_with_id/graphs/train_graphs/events_12600_to_12699_train.pt with 88 events
Event 12700...
Event 12725...
Event 12750...
Event 12775...
Saving chunk 127 to /eos/user/e/ebornand/DFEI/FullMC/npy_array/magdown/neutrals_with_id/graphs/train_graphs/events_12700_to_12799_train.pt with 88 events
Event 12800...
Event 12825...
Event 12850...
Event 12875...
Saving chunk 128 to /eos/user/e/ebornand/DFEI/FullMC/npy_array/magdown/neutrals_with_id/graphs/train_graphs/events_12800_to_12899_train.pt with 83 events
Event 12900...
Event 12925...
Event 12950...
Event 12975...
Saving chunk 129 to /eos/user/e/ebornand/DFEI/FullMC/npy_array/magdown/neutrals_with_id/graphs/train_graphs/events_12900_to_12999_train.pt with 86 events
Event 13000...
Event 13025...
Event 13050...
Event 13075...
Saving chunk 130 to /eos/user/e/ebornand/DFEI/FullMC/npy_array/magdown/neutrals_with_id/graphs/train_graphs/events_13000_to_13099_train.pt with 89 events
Event 13100...
Event 13125...
Event 13150...
Event 13175...
Saving chunk 131 to /eos/user/e/ebornand/DFEI/FullMC/npy_array/magdown/neutrals_with_id/graphs/train_graphs/events_13100_to_13199_train.pt with 80 events
Event 13200...
Event 13225...
Event 13250...
Event 13275...
Saving chunk 132 to /eos/user/e/ebornand/DFEI/FullMC/npy_array/magdown/neutrals_with_id/graphs/train_graphs/events_13200_to_13299_train.pt with 87 events
Event 13300...
Event 13325...
Event 13350...
Event 13375...
Saving chunk 133 to /eos/user/e/ebornand/DFEI/FullMC/npy_array/magdown/neutrals_with_id/graphs/train_graphs/events_13300_to_13399_train.pt with 83 events
Event 13400...
Event 13425...
Event 13450...
Event 13475...
Saving chunk 134 to /eos/user/e/ebornand/DFEI/FullMC/npy_array/magdown/neutrals_with_id/graphs/train_graphs/events_13400_to_13499_train.pt with 90 events
Event 13500...
Event 13525...
Event 13550...
Event 13575...
Saving chunk 135 to /eos/user/e/ebornand/DFEI/FullMC/npy_array/magdown/neutrals_with_id/graphs/train_graphs/events_13500_to_13599_train.pt with 78 events
Event 13600...
Event 13625...
Event 13650...
Event 13675...
Saving chunk 136 to /eos/user/e/ebornand/DFEI/FullMC/npy_array/magdown/neutrals_with_id/graphs/train_graphs/events_13600_to_13699_train.pt with 86 events
Event 13700...
Event 13725...
Event 13750...
Event 13775...
Saving chunk 137 to /eos/user/e/ebornand/DFEI/FullMC/npy_array/magdown/neutrals_with_id/graphs/train_graphs/events_13700_to_13799_train.pt with 85 events
Event 13800...
Event 13825...
Event 13850...
Event 13875...
Saving chunk 138 to /eos/user/e/ebornand/DFEI/FullMC/npy_array/magdown/neutrals_with_id/graphs/train_graphs/events_13800_to_13899_train.pt with 88 events
Event 13900...
Event 13925...
Event 13950...
Event 13975...
Saving chunk 139 to /eos/user/e/ebornand/DFEI/FullMC/npy_array/magdown/neutrals_with_id/graphs/train_graphs/events_13900_to_13999_train.pt with 89 events
Event 14000...
Event 14025...
Event 14050...
Event 14075...
Saving chunk 140 to /eos/user/e/ebornand/DFEI/FullMC/npy_array/magdown/neutrals_with_id/graphs/train_graphs/events_14000_to_14099_train.pt with 81 events
Event 14100...
Event 14125...
Event 14150...
Event 14175...
Saving chunk 141 to /eos/user/e/ebornand/DFEI/FullMC/npy_array/magdown/neutrals_with_id/graphs/train_graphs/events_14100_to_14199_train.pt with 84 events
Event 14200...
Event 14225...
Event 14250...
Event 14275...
Saving chunk 142 to /eos/user/e/ebornand/DFEI/FullMC/npy_array/magdown/neutrals_with_id/graphs/train_graphs/events_14200_to_14299_train.pt with 83 events
Event 14300...
Event 14325...
Event 14350...
Event 14375...
Saving chunk 143 to /eos/user/e/ebornand/DFEI/FullMC/npy_array/magdown/neutrals_with_id/graphs/train_graphs/events_14300_to_14399_train.pt with 83 events
Event 14400...
Event 14425...
Event 14450...
Event 14475...
Saving chunk 144 to /eos/user/e/ebornand/DFEI/FullMC/npy_array/magdown/neutrals_with_id/graphs/train_graphs/events_14400_to_14499_train.pt with 83 events
Event 14500...
Event 14525...
Event 14550...
Event 14575...
Saving chunk 145 to /eos/user/e/ebornand/DFEI/FullMC/npy_array/magdown/neutrals_with_id/graphs/train_graphs/events_14500_to_14599_train.pt with 85 events
Event 14600...
Event 14625...
Event 14650...
Event 14675...
Saving chunk 146 to /eos/user/e/ebornand/DFEI/FullMC/npy_array/magdown/neutrals_with_id/graphs/train_graphs/events_14600_to_14699_train.pt with 79 events
Event 14700...
Event 14725...
Event 14750...
Event 14775...
Saving chunk 147 to /eos/user/e/ebornand/DFEI/FullMC/npy_array/magdown/neutrals_with_id/graphs/train_graphs/events_14700_to_14799_train.pt with 84 events
Event 14800...
Event 14825...
Event 14850...
Event 14875...
Saving chunk 148 to /eos/user/e/ebornand/DFEI/FullMC/npy_array/magdown/neutrals_with_id/graphs/train_graphs/events_14800_to_14899_train.pt with 87 events
Event 14900...
Event 14925...
Event 14950...
Event 14975...
Saving chunk 149 to /eos/user/e/ebornand/DFEI/FullMC/npy_array/magdown/neutrals_with_id/graphs/train_graphs/events_14900_to_14999_train.pt with 84 events
Event 15000...
Event 15025...
Event 15050...
Event 15075...
Saving chunk 150 to /eos/user/e/ebornand/DFEI/FullMC/npy_array/magdown/neutrals_with_id/graphs/train_graphs/events_15000_to_15099_train.pt with 86 events
Event 15100...
Event 15125...
Event 15150...
Event 15175...
Saving chunk 151 to /eos/user/e/ebornand/DFEI/FullMC/npy_array/magdown/neutrals_with_id/graphs/train_graphs/events_15100_to_15199_train.pt with 84 events
Event 15200...
Event 15225...
Event 15250...
Event 15275...
Saving chunk 152 to /eos/user/e/ebornand/DFEI/FullMC/npy_array/magdown/neutrals_with_id/graphs/train_graphs/events_15200_to_15299_train.pt with 83 events
Event 15300...
Event 15325...
Event 15350...
Event 15375...
Saving chunk 153 to /eos/user/e/ebornand/DFEI/FullMC/npy_array/magdown/neutrals_with_id/graphs/train_graphs/events_15300_to_15399_train.pt with 89 events
Event 15400...
Event 15425...
Event 15450...
Event 15475...
Saving chunk 154 to /eos/user/e/ebornand/DFEI/FullMC/npy_array/magdown/neutrals_with_id/graphs/train_graphs/events_15400_to_15499_train.pt with 87 events
Event 15500...
Event 15525...
Event 15550...
Event 15575...
Saving chunk 155 to /eos/user/e/ebornand/DFEI/FullMC/npy_array/magdown/neutrals_with_id/graphs/train_graphs/events_15500_to_15599_train.pt with 86 events
Event 15600...
Event 15625...
Event 15650...
Event 15675...
Saving chunk 156 to /eos/user/e/ebornand/DFEI/FullMC/npy_array/magdown/neutrals_with_id/graphs/train_graphs/events_15600_to_15699_train.pt with 92 events
Event 15700...
Event 15725...
Event 15750...
Event 15775...
Saving chunk 157 to /eos/user/e/ebornand/DFEI/FullMC/npy_array/magdown/neutrals_with_id/graphs/train_graphs/events_15700_to_15799_train.pt with 87 events
Event 15800...
Event 15825...
Event 15850...
Event 15875...
Saving chunk 158 to /eos/user/e/ebornand/DFEI/FullMC/npy_array/magdown/neutrals_with_id/graphs/train_graphs/events_15800_to_15899_train.pt with 80 events
Event 15900...
Event 15925...
Event 15950...
Event 15975...
Saving chunk 159 to /eos/user/e/ebornand/DFEI/FullMC/npy_array/magdown/neutrals_with_id/graphs/train_graphs/events_15900_to_15999_train.pt with 86 events
Event 16000...
Event 16025...
Event 16050...
Event 16075...
Saving chunk 160 to /eos/user/e/ebornand/DFEI/FullMC/npy_array/magdown/neutrals_with_id/graphs/train_graphs/events_16000_to_16099_train.pt with 82 events
Event 16100...
Event 16125...
Event 16150...
Event 16175...
Saving chunk 161 to /eos/user/e/ebornand/DFEI/FullMC/npy_array/magdown/neutrals_with_id/graphs/train_graphs/events_16100_to_16199_train.pt with 84 events
Event 16200...
Event 16225...
Event 16250...
Event 16275...
Saving chunk 162 to /eos/user/e/ebornand/DFEI/FullMC/npy_array/magdown/neutrals_with_id/graphs/train_graphs/events_16200_to_16299_train.pt with 85 events
Event 16300...
Event 16325...
Event 16350...
Event 16375...
Saving chunk 163 to /eos/user/e/ebornand/DFEI/FullMC/npy_array/magdown/neutrals_with_id/graphs/train_graphs/events_16300_to_16399_train.pt with 84 events
Event 16400...
Event 16425...
Event 16450...
Event 16475...
Saving chunk 164 to /eos/user/e/ebornand/DFEI/FullMC/npy_array/magdown/neutrals_with_id/graphs/train_graphs/events_16400_to_16499_train.pt with 88 events
Event 16500...
Event 16525...
Event 16550...
Event 16575...
Saving chunk 165 to /eos/user/e/ebornand/DFEI/FullMC/npy_array/magdown/neutrals_with_id/graphs/train_graphs/events_16500_to_16599_train.pt with 79 events
Event 16600...
Event 16625...
Event 16650...
Event 16675...
Saving chunk 166 to /eos/user/e/ebornand/DFEI/FullMC/npy_array/magdown/neutrals_with_id/graphs/train_graphs/events_16600_to_16699_train.pt with 84 events
Event 16700...
Event 16725...
Event 16750...
Event 16775...
Saving chunk 167 to /eos/user/e/ebornand/DFEI/FullMC/npy_array/magdown/neutrals_with_id/graphs/train_graphs/events_16700_to_16799_train.pt with 87 events
Event 16800...
Event 16825...
Event 16850...
Event 16875...
Saving chunk 168 to /eos/user/e/ebornand/DFEI/FullMC/npy_array/magdown/neutrals_with_id/graphs/train_graphs/events_16800_to_16899_train.pt with 84 events
Event 16900...
Event 16925...
Event 16950...
Event 16975...
Saving chunk 169 to /eos/user/e/ebornand/DFEI/FullMC/npy_array/magdown/neutrals_with_id/graphs/train_graphs/events_16900_to_16999_train.pt with 92 events
Event 17000...
Event 17025...
Event 17050...
Event 17075...
Saving chunk 170 to /eos/user/e/ebornand/DFEI/FullMC/npy_array/magdown/neutrals_with_id/graphs/train_graphs/events_17000_to_17099_train.pt with 89 events
Event 17100...
Event 17125...
Event 17150...
Event 17175...
Saving chunk 171 to /eos/user/e/ebornand/DFEI/FullMC/npy_array/magdown/neutrals_with_id/graphs/train_graphs/events_17100_to_17199_train.pt with 81 events
Event 17200...
Event 17225...
Event 17250...
Event 17275...
Saving chunk 172 to /eos/user/e/ebornand/DFEI/FullMC/npy_array/magdown/neutrals_with_id/graphs/train_graphs/events_17200_to_17299_train.pt with 89 events
Event 17300...
Event 17325...
Event 17350...
Event 17375...
Saving chunk 173 to /eos/user/e/ebornand/DFEI/FullMC/npy_array/magdown/neutrals_with_id/graphs/train_graphs/events_17300_to_17399_train.pt with 88 events
Event 17400...
Event 17425...
Event 17450...
Event 17475...
Saving chunk 174 to /eos/user/e/ebornand/DFEI/FullMC/npy_array/magdown/neutrals_with_id/graphs/train_graphs/events_17400_to_17499_train.pt with 85 events
Event 17500...
Event 17525...
Event 17550...
Event 17575...
Saving chunk 175 to /eos/user/e/ebornand/DFEI/FullMC/npy_array/magdown/neutrals_with_id/graphs/train_graphs/events_17500_to_17599_train.pt with 85 events
Event 17600...
Event 17625...
Event 17650...
Event 17675...
Saving chunk 176 to /eos/user/e/ebornand/DFEI/FullMC/npy_array/magdown/neutrals_with_id/graphs/train_graphs/events_17600_to_17699_train.pt with 86 events
Event 17700...
Event 17725...
Event 17750...
Event 17775...
Saving chunk 177 to /eos/user/e/ebornand/DFEI/FullMC/npy_array/magdown/neutrals_with_id/graphs/train_graphs/events_17700_to_17799_train.pt with 86 events
Event 17800...
Event 17825...
Event 17850...
Event 17875...
Saving chunk 178 to /eos/user/e/ebornand/DFEI/FullMC/npy_array/magdown/neutrals_with_id/graphs/train_graphs/events_17800_to_17899_train.pt with 88 events
Event 17900...
Event 17925...
Event 17950...
Event 17975...
Saving chunk 179 to /eos/user/e/ebornand/DFEI/FullMC/npy_array/magdown/neutrals_with_id/graphs/train_graphs/events_17900_to_17999_train.pt with 83 events
Event 18000...
Event 18025...
Event 18050...
Event 18075...
Saving chunk 180 to /eos/user/e/ebornand/DFEI/FullMC/npy_array/magdown/neutrals_with_id/graphs/train_graphs/events_18000_to_18099_train.pt with 83 events
Event 18100...
Event 18125...
Event 18150...
Event 18175...
Saving chunk 181 to /eos/user/e/ebornand/DFEI/FullMC/npy_array/magdown/neutrals_with_id/graphs/train_graphs/events_18100_to_18199_train.pt with 84 events
Event 18200...
Event 18225...
Event 18250...
Event 18275...
Saving chunk 182 to /eos/user/e/ebornand/DFEI/FullMC/npy_array/magdown/neutrals_with_id/graphs/train_graphs/events_18200_to_18299_train.pt with 89 events
Event 18300...
Event 18325...
Event 18350...
Event 18375...
Saving chunk 183 to /eos/user/e/ebornand/DFEI/FullMC/npy_array/magdown/neutrals_with_id/graphs/train_graphs/events_18300_to_18399_train.pt with 87 events
Event 18400...
Event 18425...
Event 18450...
Event 18475...
Saving chunk 184 to /eos/user/e/ebornand/DFEI/FullMC/npy_array/magdown/neutrals_with_id/graphs/train_graphs/events_18400_to_18499_train.pt with 88 events
Event 18500...
Event 18525...
Event 18550...
Event 18575...
Saving chunk 185 to /eos/user/e/ebornand/DFEI/FullMC/npy_array/magdown/neutrals_with_id/graphs/train_graphs/events_18500_to_18599_train.pt with 81 events
Event 18600...
Event 18625...
Event 18650...
Event 18675...
Saving chunk 186 to /eos/user/e/ebornand/DFEI/FullMC/npy_array/magdown/neutrals_with_id/graphs/train_graphs/events_18600_to_18699_train.pt with 84 events
Event 18700...
Event 18725...
Event 18750...
Event 18775...
Saving chunk 187 to /eos/user/e/ebornand/DFEI/FullMC/npy_array/magdown/neutrals_with_id/graphs/train_graphs/events_18700_to_18799_train.pt with 86 events
Event 18800...
Event 18825...
Event 18850...
Event 18875...
Saving chunk 188 to /eos/user/e/ebornand/DFEI/FullMC/npy_array/magdown/neutrals_with_id/graphs/train_graphs/events_18800_to_18899_train.pt with 80 events
Event 18900...
Event 18925...
Event 18950...
Event 18975...
Saving chunk 189 to /eos/user/e/ebornand/DFEI/FullMC/npy_array/magdown/neutrals_with_id/graphs/train_graphs/events_18900_to_18999_train.pt with 83 events
Event 19000...
Event 19025...
Event 19050...
Event 19075...
Saving chunk 190 to /eos/user/e/ebornand/DFEI/FullMC/npy_array/magdown/neutrals_with_id/graphs/train_graphs/events_19000_to_19099_train.pt with 87 events
Event 19100...
Event 19125...
Event 19150...
Event 19175...
Saving chunk 191 to /eos/user/e/ebornand/DFEI/FullMC/npy_array/magdown/neutrals_with_id/graphs/train_graphs/events_19100_to_19199_train.pt with 80 events
Event 19200...
Event 19225...
Event 19250...
Event 19275...
Saving chunk 192 to /eos/user/e/ebornand/DFEI/FullMC/npy_array/magdown/neutrals_with_id/graphs/train_graphs/events_19200_to_19299_train.pt with 93 events
Event 19300...
Event 19325...
Event 19350...
Event 19375...
Saving chunk 193 to /eos/user/e/ebornand/DFEI/FullMC/npy_array/magdown/neutrals_with_id/graphs/train_graphs/events_19300_to_19399_train.pt with 87 events
Event 19400...
Event 19425...
Event 19450...
Event 19475...
Saving chunk 194 to /eos/user/e/ebornand/DFEI/FullMC/npy_array/magdown/neutrals_with_id/graphs/train_graphs/events_19400_to_19499_train.pt with 84 events
Event 19500...
Event 19525...
Event 19550...
Event 19575...
Saving chunk 195 to /eos/user/e/ebornand/DFEI/FullMC/npy_array/magdown/neutrals_with_id/graphs/train_graphs/events_19500_to_19599_train.pt with 89 events
Event 19600...
Event 19625...
Event 19650...
Event 19675...
Saving chunk 196 to /eos/user/e/ebornand/DFEI/FullMC/npy_array/magdown/neutrals_with_id/graphs/train_graphs/events_19600_to_19699_train.pt with 92 events
Event 19700...
Event 19725...
Event 19750...
Event 19775...
Saving chunk 197 to /eos/user/e/ebornand/DFEI/FullMC/npy_array/magdown/neutrals_with_id/graphs/train_graphs/events_19700_to_19799_train.pt with 91 events
Event 19800...
Event 19825...
Event 19850...
Event 19875...
Saving chunk 198 to /eos/user/e/ebornand/DFEI/FullMC/npy_array/magdown/neutrals_with_id/graphs/train_graphs/events_19800_to_19899_train.pt with 85 events
Event 19900...
Event 19925...
Event 19950...
Event 19975...
Saving chunk 199 to /eos/user/e/ebornand/DFEI/FullMC/npy_array/magdown/neutrals_with_id/graphs/train_graphs/events_19900_to_19999_train.pt with 78 events
Event 20000...
Event 20025...
Event 20050...
Event 20075...
Saving chunk 200 to /eos/user/e/ebornand/DFEI/FullMC/npy_array/magdown/neutrals_with_id/graphs/train_graphs/events_20000_to_20099_train.pt with 90 events
Event 20100...
Event 20125...
Event 20150...
Event 20175...
Saving chunk 201 to /eos/user/e/ebornand/DFEI/FullMC/npy_array/magdown/neutrals_with_id/graphs/train_graphs/events_20100_to_20199_train.pt with 89 events
Event 20200...
Event 20225...
Event 20250...
Event 20275...
Saving chunk 202 to /eos/user/e/ebornand/DFEI/FullMC/npy_array/magdown/neutrals_with_id/graphs/train_graphs/events_20200_to_20299_train.pt with 85 events
Event 20300...
Event 20325...
Event 20350...
Event 20375...
Saving chunk 203 to /eos/user/e/ebornand/DFEI/FullMC/npy_array/magdown/neutrals_with_id/graphs/train_graphs/events_20300_to_20399_train.pt with 87 events
Event 20400...
Event 20425...
Event 20450...
Event 20475...
Saving chunk 204 to /eos/user/e/ebornand/DFEI/FullMC/npy_array/magdown/neutrals_with_id/graphs/train_graphs/events_20400_to_20499_train.pt with 84 events
Event 20500...
Event 20525...
Event 20550...
Event 20575...
Saving chunk 205 to /eos/user/e/ebornand/DFEI/FullMC/npy_array/magdown/neutrals_with_id/graphs/train_graphs/events_20500_to_20599_train.pt with 83 events
Event 20600...
Event 20625...
Event 20650...
Event 20675...
Saving chunk 206 to /eos/user/e/ebornand/DFEI/FullMC/npy_array/magdown/neutrals_with_id/graphs/train_graphs/events_20600_to_20699_train.pt with 78 events
Event 20700...
Event 20725...
Event 20750...
Event 20775...
Saving chunk 207 to /eos/user/e/ebornand/DFEI/FullMC/npy_array/magdown/neutrals_with_id/graphs/train_graphs/events_20700_to_20799_train.pt with 80 events
Event 20800...
Event 20825...
Event 20850...
Event 20875...
Saving chunk 208 to /eos/user/e/ebornand/DFEI/FullMC/npy_array/magdown/neutrals_with_id/graphs/train_graphs/events_20800_to_20899_train.pt with 86 events
Event 20900...
Event 20925...
Event 20950...
Event 20975...
Saving chunk 209 to /eos/user/e/ebornand/DFEI/FullMC/npy_array/magdown/neutrals_with_id/graphs/train_graphs/events_20900_to_20999_train.pt with 87 events
Event 21000...
Event 21025...
Event 21050...
Event 21075...
Saving chunk 210 to /eos/user/e/ebornand/DFEI/FullMC/npy_array/magdown/neutrals_with_id/graphs/train_graphs/events_21000_to_21099_train.pt with 83 events
Event 21100...
Event 21125...
Event 21150...
Event 21175...
Saving chunk 211 to /eos/user/e/ebornand/DFEI/FullMC/npy_array/magdown/neutrals_with_id/graphs/train_graphs/events_21100_to_21199_train.pt with 80 events
Event 21200...
Event 21225...
Event 21250...
Event 21275...
Saving chunk 212 to /eos/user/e/ebornand/DFEI/FullMC/npy_array/magdown/neutrals_with_id/graphs/train_graphs/events_21200_to_21299_train.pt with 81 events
Event 21300...
Event 21325...
Event 21350...
Event 21375...
Saving chunk 213 to /eos/user/e/ebornand/DFEI/FullMC/npy_array/magdown/neutrals_with_id/graphs/train_graphs/events_21300_to_21399_train.pt with 86 events
Event 21400...
Event 21425...
Event 21450...
Event 21475...
Saving chunk 214 to /eos/user/e/ebornand/DFEI/FullMC/npy_array/magdown/neutrals_with_id/graphs/train_graphs/events_21400_to_21499_train.pt with 85 events
Event 21500...
Event 21525...
Event 21550...
Event 21575...
Saving chunk 215 to /eos/user/e/ebornand/DFEI/FullMC/npy_array/magdown/neutrals_with_id/graphs/train_graphs/events_21500_to_21599_train.pt with 80 events
Event 21600...
Event 21625...
Event 21650...
Event 21675...
Saving chunk 216 to /eos/user/e/ebornand/DFEI/FullMC/npy_array/magdown/neutrals_with_id/graphs/train_graphs/events_21600_to_21699_train.pt with 84 events
Event 21700...
Event 21725...
Event 21750...
Event 21775...
Saving chunk 217 to /eos/user/e/ebornand/DFEI/FullMC/npy_array/magdown/neutrals_with_id/graphs/train_graphs/events_21700_to_21799_train.pt with 90 events
Event 21800...
Event 21825...
Event 21850...
Event 21875...
Saving chunk 218 to /eos/user/e/ebornand/DFEI/FullMC/npy_array/magdown/neutrals_with_id/graphs/train_graphs/events_21800_to_21899_train.pt with 83 events
Event 21900...
Event 21925...
Event 21950...
Event 21975...
Saving chunk 219 to /eos/user/e/ebornand/DFEI/FullMC/npy_array/magdown/neutrals_with_id/graphs/train_graphs/events_21900_to_21999_train.pt with 74 events
Event 22000...
Event 22025...
Event 22050...
Event 22075...
Saving chunk 220 to /eos/user/e/ebornand/DFEI/FullMC/npy_array/magdown/neutrals_with_id/graphs/train_graphs/events_22000_to_22099_train.pt with 83 events
Event 22100...
Event 22125...
Event 22150...
Event 22175...
Saving chunk 221 to /eos/user/e/ebornand/DFEI/FullMC/npy_array/magdown/neutrals_with_id/graphs/train_graphs/events_22100_to_22199_train.pt with 82 events
Event 22200...
Event 22225...
Event 22250...
Event 22275...
Saving chunk 222 to /eos/user/e/ebornand/DFEI/FullMC/npy_array/magdown/neutrals_with_id/graphs/train_graphs/events_22200_to_22299_train.pt with 89 events
Event 22300...
Event 22325...
Event 22350...
Event 22375...
Saving chunk 223 to /eos/user/e/ebornand/DFEI/FullMC/npy_array/magdown/neutrals_with_id/graphs/train_graphs/events_22300_to_22399_train.pt with 82 events
Event 22400...
Event 22425...
Event 22450...
Event 22475...
Saving chunk 224 to /eos/user/e/ebornand/DFEI/FullMC/npy_array/magdown/neutrals_with_id/graphs/train_graphs/events_22400_to_22499_train.pt with 91 events
Event 22500...
Event 22525...
Event 22550...
Event 22575...
Saving chunk 225 to /eos/user/e/ebornand/DFEI/FullMC/npy_array/magdown/neutrals_with_id/graphs/train_graphs/events_22500_to_22599_train.pt with 86 events
Event 22600...
Event 22625...
Event 22650...
Event 22675...
Saving chunk 226 to /eos/user/e/ebornand/DFEI/FullMC/npy_array/magdown/neutrals_with_id/graphs/train_graphs/events_22600_to_22699_train.pt with 83 events
Event 22700...
Event 22725...
Event 22750...
Event 22775...
Saving chunk 227 to /eos/user/e/ebornand/DFEI/FullMC/npy_array/magdown/neutrals_with_id/graphs/train_graphs/events_22700_to_22799_train.pt with 86 events
Event 22800...
Event 22825...
Event 22850...
Event 22875...
Saving chunk 228 to /eos/user/e/ebornand/DFEI/FullMC/npy_array/magdown/neutrals_with_id/graphs/train_graphs/events_22800_to_22899_train.pt with 79 events
Event 22900...
Event 22925...
Event 22950...
Event 22975...
Saving chunk 229 to /eos/user/e/ebornand/DFEI/FullMC/npy_array/magdown/neutrals_with_id/graphs/train_graphs/events_22900_to_22999_train.pt with 87 events
Event 23000...
Event 23025...
Event 23050...
Event 23075...
Saving chunk 230 to /eos/user/e/ebornand/DFEI/FullMC/npy_array/magdown/neutrals_with_id/graphs/train_graphs/events_23000_to_23099_train.pt with 92 events
Event 23100...
Event 23125...
Event 23150...
Event 23175...
Saving chunk 231 to /eos/user/e/ebornand/DFEI/FullMC/npy_array/magdown/neutrals_with_id/graphs/train_graphs/events_23100_to_23199_train.pt with 83 events
Event 23200...
Event 23225...
Event 23250...
Event 23275...
Saving chunk 232 to /eos/user/e/ebornand/DFEI/FullMC/npy_array/magdown/neutrals_with_id/graphs/train_graphs/events_23200_to_23299_train.pt with 83 events
Event 23300...
Event 23325...
Event 23350...
Event 23375...
Saving chunk 233 to /eos/user/e/ebornand/DFEI/FullMC/npy_array/magdown/neutrals_with_id/graphs/train_graphs/events_23300_to_23399_train.pt with 85 events
Event 23400...
Event 23425...
Event 23450...
Event 23475...
Saving chunk 234 to /eos/user/e/ebornand/DFEI/FullMC/npy_array/magdown/neutrals_with_id/graphs/train_graphs/events_23400_to_23499_train.pt with 90 events
Event 23500...
Event 23525...
Event 23550...
Event 23575...
Saving chunk 235 to /eos/user/e/ebornand/DFEI/FullMC/npy_array/magdown/neutrals_with_id/graphs/train_graphs/events_23500_to_23599_train.pt with 82 events
Event 23600...
Event 23625...
Event 23650...
Event 23675...
Saving chunk 236 to /eos/user/e/ebornand/DFEI/FullMC/npy_array/magdown/neutrals_with_id/graphs/train_graphs/events_23600_to_23699_train.pt with 84 events
Event 23700...
Event 23725...
Event 23750...
Event 23775...
Saving chunk 237 to /eos/user/e/ebornand/DFEI/FullMC/npy_array/magdown/neutrals_with_id/graphs/train_graphs/events_23700_to_23799_train.pt with 86 events
Event 23800...
Event 23825...
Event 23850...
Event 23875...
Saving chunk 238 to /eos/user/e/ebornand/DFEI/FullMC/npy_array/magdown/neutrals_with_id/graphs/train_graphs/events_23800_to_23899_train.pt with 86 events
Event 23900...
Event 23925...
Event 23950...
Event 23975...
Saving chunk 239 to /eos/user/e/ebornand/DFEI/FullMC/npy_array/magdown/neutrals_with_id/graphs/train_graphs/events_23900_to_23999_train.pt with 82 events
Event 24000...
Event 24025...
Event 24050...
Event 24075...
Saving chunk 240 to /eos/user/e/ebornand/DFEI/FullMC/npy_array/magdown/neutrals_with_id/graphs/train_graphs/events_24000_to_24099_train.pt with 84 events
Event 24100...
Event 24125...
Event 24150...
Event 24175...
Saving chunk 241 to /eos/user/e/ebornand/DFEI/FullMC/npy_array/magdown/neutrals_with_id/graphs/train_graphs/events_24100_to_24199_train.pt with 86 events
Event 24200...
Event 24225...
Event 24250...
Event 24275...
Saving chunk 242 to /eos/user/e/ebornand/DFEI/FullMC/npy_array/magdown/neutrals_with_id/graphs/train_graphs/events_24200_to_24299_train.pt with 78 events
Event 24300...
Event 24325...
Event 24350...
Event 24375...
Saving chunk 243 to /eos/user/e/ebornand/DFEI/FullMC/npy_array/magdown/neutrals_with_id/graphs/train_graphs/events_24300_to_24399_train.pt with 95 events
Event 24400...
Event 24425...
Event 24450...
Event 24475...
Saving chunk 244 to /eos/user/e/ebornand/DFEI/FullMC/npy_array/magdown/neutrals_with_id/graphs/train_graphs/events_24400_to_24499_train.pt with 86 events
Event 24500...
Event 24525...
Event 24550...
Event 24575...
Saving chunk 245 to /eos/user/e/ebornand/DFEI/FullMC/npy_array/magdown/neutrals_with_id/graphs/train_graphs/events_24500_to_24599_train.pt with 86 events
Event 24600...
Event 24625...
Event 24650...
Event 24675...
Saving chunk 246 to /eos/user/e/ebornand/DFEI/FullMC/npy_array/magdown/neutrals_with_id/graphs/train_graphs/events_24600_to_24699_train.pt with 86 events
Event 24700...
Event 24725...
Event 24750...
Event 24775...
Saving chunk 247 to /eos/user/e/ebornand/DFEI/FullMC/npy_array/magdown/neutrals_with_id/graphs/train_graphs/events_24700_to_24799_train.pt with 89 events
Event 24800...
Event 24825...
Event 24850...
Event 24875...
Saving chunk 248 to /eos/user/e/ebornand/DFEI/FullMC/npy_array/magdown/neutrals_with_id/graphs/train_graphs/events_24800_to_24899_train.pt with 88 events
Event 24900...
Event 24925...
Event 24950...
Event 24975...
Saving chunk 249 to /eos/user/e/ebornand/DFEI/FullMC/npy_array/magdown/neutrals_with_id/graphs/train_graphs/events_24900_to_24999_train.pt with 86 events
Event 25000...
Event 25025...
Event 25050...
Event 25075...
Saving chunk 250 to /eos/user/e/ebornand/DFEI/FullMC/npy_array/magdown/neutrals_with_id/graphs/train_graphs/events_25000_to_25099_train.pt with 88 events
Event 25100...
Event 25125...
Event 25150...
Event 25175...
Saving chunk 251 to /eos/user/e/ebornand/DFEI/FullMC/npy_array/magdown/neutrals_with_id/graphs/train_graphs/events_25100_to_25199_train.pt with 90 events
Event 25200...
Event 25225...
Event 25250...
Event 25275...
Saving chunk 252 to /eos/user/e/ebornand/DFEI/FullMC/npy_array/magdown/neutrals_with_id/graphs/train_graphs/events_25200_to_25299_train.pt with 84 events
Event 25300...
Event 25325...
Event 25350...
Event 25375...
Saving chunk 253 to /eos/user/e/ebornand/DFEI/FullMC/npy_array/magdown/neutrals_with_id/graphs/train_graphs/events_25300_to_25399_train.pt with 86 events
Event 25400...
Event 25425...
Event 25450...
Event 25475...
Saving chunk 254 to /eos/user/e/ebornand/DFEI/FullMC/npy_array/magdown/neutrals_with_id/graphs/train_graphs/events_25400_to_25499_train.pt with 86 events
Event 25500...
Event 25525...
Event 25550...
Event 25575...
Saving chunk 255 to /eos/user/e/ebornand/DFEI/FullMC/npy_array/magdown/neutrals_with_id/graphs/train_graphs/events_25500_to_25599_train.pt with 84 events
Event 25600...
Event 25625...
Event 25650...
Event 25675...
Saving chunk 256 to /eos/user/e/ebornand/DFEI/FullMC/npy_array/magdown/neutrals_with_id/graphs/train_graphs/events_25600_to_25699_train.pt with 86 events
Event 25700...
Event 25725...
Event 25750...
Event 25775...
Saving chunk 257 to /eos/user/e/ebornand/DFEI/FullMC/npy_array/magdown/neutrals_with_id/graphs/train_graphs/events_25700_to_25799_train.pt with 85 events
Event 25800...
Event 25825...
Event 25850...
Event 25875...
Saving chunk 258 to /eos/user/e/ebornand/DFEI/FullMC/npy_array/magdown/neutrals_with_id/graphs/train_graphs/events_25800_to_25899_train.pt with 86 events
Event 25900...
Event 25925...
Event 25950...
Event 25975...
Saving chunk 259 to /eos/user/e/ebornand/DFEI/FullMC/npy_array/magdown/neutrals_with_id/graphs/train_graphs/events_25900_to_25999_train.pt with 91 events
Event 26000...
Event 26025...
Event 26050...
Event 26075...
Saving chunk 260 to /eos/user/e/ebornand/DFEI/FullMC/npy_array/magdown/neutrals_with_id/graphs/train_graphs/events_26000_to_26099_train.pt with 90 events
Event 26100...
Event 26125...
Event 26150...
Event 26175...
Saving chunk 261 to /eos/user/e/ebornand/DFEI/FullMC/npy_array/magdown/neutrals_with_id/graphs/train_graphs/events_26100_to_26199_train.pt with 93 events
Event 26200...
Event 26225...
Event 26250...
Event 26275...
Saving chunk 262 to /eos/user/e/ebornand/DFEI/FullMC/npy_array/magdown/neutrals_with_id/graphs/train_graphs/events_26200_to_26299_train.pt with 85 events
Event 26300...
Event 26325...
Event 26350...
Event 26375...
Saving chunk 263 to /eos/user/e/ebornand/DFEI/FullMC/npy_array/magdown/neutrals_with_id/graphs/train_graphs/events_26300_to_26399_train.pt with 91 events
Event 26400...
Event 26425...
Event 26450...
Event 26475...
Saving chunk 264 to /eos/user/e/ebornand/DFEI/FullMC/npy_array/magdown/neutrals_with_id/graphs/train_graphs/events_26400_to_26499_train.pt with 83 events
Event 26500...
Event 26525...
Event 26550...
Event 26575...
Saving chunk 265 to /eos/user/e/ebornand/DFEI/FullMC/npy_array/magdown/neutrals_with_id/graphs/train_graphs/events_26500_to_26599_train.pt with 84 events
Event 26600...
Event 26625...
Event 26650...
Event 26675...
Saving chunk 266 to /eos/user/e/ebornand/DFEI/FullMC/npy_array/magdown/neutrals_with_id/graphs/train_graphs/events_26600_to_26699_train.pt with 87 events
Event 26700...
Event 26725...
Event 26750...
Event 26775...
Saving chunk 267 to /eos/user/e/ebornand/DFEI/FullMC/npy_array/magdown/neutrals_with_id/graphs/train_graphs/events_26700_to_26799_train.pt with 82 events
Event 26800...
Event 26825...
Event 26850...
Event 26875...
Saving chunk 268 to /eos/user/e/ebornand/DFEI/FullMC/npy_array/magdown/neutrals_with_id/graphs/train_graphs/events_26800_to_26899_train.pt with 85 events
Event 26900...
Event 26925...
Event 26950...
Event 26975...
Saving chunk 269 to /eos/user/e/ebornand/DFEI/FullMC/npy_array/magdown/neutrals_with_id/graphs/train_graphs/events_26900_to_26999_train.pt with 87 events
Event 27000...
Event 27025...
Event 27050...
Event 27075...
Saving chunk 270 to /eos/user/e/ebornand/DFEI/FullMC/npy_array/magdown/neutrals_with_id/graphs/train_graphs/events_27000_to_27099_train.pt with 80 events
Event 27100...
Event 27125...
Event 27150...
Event 27175...
Saving chunk 271 to /eos/user/e/ebornand/DFEI/FullMC/npy_array/magdown/neutrals_with_id/graphs/train_graphs/events_27100_to_27199_train.pt with 90 events
Event 27200...
Event 27225...
Event 27250...
Event 27275...
Saving chunk 272 to /eos/user/e/ebornand/DFEI/FullMC/npy_array/magdown/neutrals_with_id/graphs/train_graphs/events_27200_to_27299_train.pt with 90 events
Event 27300...
Event 27325...
Event 27350...
Event 27375...
Saving chunk 273 to /eos/user/e/ebornand/DFEI/FullMC/npy_array/magdown/neutrals_with_id/graphs/train_graphs/events_27300_to_27399_train.pt with 81 events
Event 27400...
Event 27425...
Event 27450...
Event 27475...
Saving chunk 274 to /eos/user/e/ebornand/DFEI/FullMC/npy_array/magdown/neutrals_with_id/graphs/train_graphs/events_27400_to_27499_train.pt with 75 events
Event 27500...
Event 27525...
Event 27550...
Event 27575...
Saving chunk 275 to /eos/user/e/ebornand/DFEI/FullMC/npy_array/magdown/neutrals_with_id/graphs/train_graphs/events_27500_to_27599_train.pt with 90 events
Event 27600...
Event 27625...
Event 27650...
Event 27675...
Saving chunk 276 to /eos/user/e/ebornand/DFEI/FullMC/npy_array/magdown/neutrals_with_id/graphs/train_graphs/events_27600_to_27699_train.pt with 85 events
Event 27700...
Event 27725...
Event 27750...
Event 27775...
Saving chunk 277 to /eos/user/e/ebornand/DFEI/FullMC/npy_array/magdown/neutrals_with_id/graphs/train_graphs/events_27700_to_27799_train.pt with 86 events
Event 27800...
Event 27825...
Event 27850...
Event 27875...
Saving chunk 278 to /eos/user/e/ebornand/DFEI/FullMC/npy_array/magdown/neutrals_with_id/graphs/train_graphs/events_27800_to_27899_train.pt with 81 events
Event 27900...
Event 27925...
Event 27950...
Event 27975...
Saving chunk 279 to /eos/user/e/ebornand/DFEI/FullMC/npy_array/magdown/neutrals_with_id/graphs/train_graphs/events_27900_to_27999_train.pt with 89 events
Event 28000...
Event 28025...
Event 28050...
Event 28075...
Saving chunk 280 to /eos/user/e/ebornand/DFEI/FullMC/npy_array/magdown/neutrals_with_id/graphs/train_graphs/events_28000_to_28099_train.pt with 87 events
Event 28100...
Event 28125...
Event 28150...
Event 28175...
Saving chunk 281 to /eos/user/e/ebornand/DFEI/FullMC/npy_array/magdown/neutrals_with_id/graphs/train_graphs/events_28100_to_28199_train.pt with 81 events
Event 28200...
Event 28225...
Event 28250...
Event 28275...
Saving chunk 282 to /eos/user/e/ebornand/DFEI/FullMC/npy_array/magdown/neutrals_with_id/graphs/train_graphs/events_28200_to_28299_train.pt with 89 events
Event 28300...
Event 28325...
Event 28350...
Event 28375...
Saving chunk 283 to /eos/user/e/ebornand/DFEI/FullMC/npy_array/magdown/neutrals_with_id/graphs/train_graphs/events_28300_to_28399_train.pt with 77 events
Event 28400...
Event 28425...
Event 28450...
Event 28475...
Saving chunk 284 to /eos/user/e/ebornand/DFEI/FullMC/npy_array/magdown/neutrals_with_id/graphs/train_graphs/events_28400_to_28499_train.pt with 90 events
Event 28500...
Event 28525...
Event 28550...
Event 28575...
Saving chunk 285 to /eos/user/e/ebornand/DFEI/FullMC/npy_array/magdown/neutrals_with_id/graphs/train_graphs/events_28500_to_28599_train.pt with 89 events
Event 28600...
Event 28625...
Event 28650...
Event 28675...
Saving chunk 286 to /eos/user/e/ebornand/DFEI/FullMC/npy_array/magdown/neutrals_with_id/graphs/train_graphs/events_28600_to_28699_train.pt with 83 events
Event 28700...
Event 28725...
Event 28750...
Event 28775...
Saving chunk 287 to /eos/user/e/ebornand/DFEI/FullMC/npy_array/magdown/neutrals_with_id/graphs/train_graphs/events_28700_to_28799_train.pt with 84 events
Event 28800...
Event 28825...
Event 28850...
Event 28875...
Saving chunk 288 to /eos/user/e/ebornand/DFEI/FullMC/npy_array/magdown/neutrals_with_id/graphs/train_graphs/events_28800_to_28899_train.pt with 84 events
Event 28900...
Event 28925...
Event 28950...
Event 28975...
Saving chunk 289 to /eos/user/e/ebornand/DFEI/FullMC/npy_array/magdown/neutrals_with_id/graphs/train_graphs/events_28900_to_28999_train.pt with 88 events
Event 29000...
Event 29025...
Event 29050...
Event 29075...
Saving chunk 290 to /eos/user/e/ebornand/DFEI/FullMC/npy_array/magdown/neutrals_with_id/graphs/train_graphs/events_29000_to_29099_train.pt with 88 events
Event 29100...
Event 29125...
Event 29150...
Event 29175...
Saving chunk 291 to /eos/user/e/ebornand/DFEI/FullMC/npy_array/magdown/neutrals_with_id/graphs/train_graphs/events_29100_to_29199_train.pt with 91 events
Event 29200...
Event 29225...
Event 29250...
Event 29275...
Saving chunk 292 to /eos/user/e/ebornand/DFEI/FullMC/npy_array/magdown/neutrals_with_id/graphs/train_graphs/events_29200_to_29299_train.pt with 87 events
Event 29300...
Event 29325...
Event 29350...
Event 29375...
Saving chunk 293 to /eos/user/e/ebornand/DFEI/FullMC/npy_array/magdown/neutrals_with_id/graphs/train_graphs/events_29300_to_29399_train.pt with 84 events
Event 29400...
Event 29425...
Event 29450...
Event 29475...
Saving chunk 294 to /eos/user/e/ebornand/DFEI/FullMC/npy_array/magdown/neutrals_with_id/graphs/train_graphs/events_29400_to_29499_train.pt with 88 events
Event 29500...
Event 29525...
Event 29550...
Event 29575...
Saving chunk 295 to /eos/user/e/ebornand/DFEI/FullMC/npy_array/magdown/neutrals_with_id/graphs/train_graphs/events_29500_to_29599_train.pt with 89 events
Event 29600...
Event 29625...
Event 29650...
Event 29675...
Saving chunk 296 to /eos/user/e/ebornand/DFEI/FullMC/npy_array/magdown/neutrals_with_id/graphs/train_graphs/events_29600_to_29699_train.pt with 81 events
Event 29700...
Event 29725...
Event 29750...
Event 29775...
Saving chunk 297 to /eos/user/e/ebornand/DFEI/FullMC/npy_array/magdown/neutrals_with_id/graphs/train_graphs/events_29700_to_29799_train.pt with 85 events
Event 29800...
Event 29825...
Event 29850...
Event 29875...
Saving chunk 298 to /eos/user/e/ebornand/DFEI/FullMC/npy_array/magdown/neutrals_with_id/graphs/train_graphs/events_29800_to_29899_train.pt with 81 events
Event 29900...
Event 29925...
Event 29950...
Event 29975...
Saving chunk 299 to /eos/user/e/ebornand/DFEI/FullMC/npy_array/magdown/neutrals_with_id/graphs/train_graphs/events_29900_to_29999_train.pt with 82 events
Event 30000...
Event 30025...
Event 30050...
Event 30075...
Saving chunk 300 to /eos/user/e/ebornand/DFEI/FullMC/npy_array/magdown/neutrals_with_id/graphs/train_graphs/events_30000_to_30099_train.pt with 91 events
Event 30100...
Event 30125...
Event 30150...
Event 30175...
Saving chunk 301 to /eos/user/e/ebornand/DFEI/FullMC/npy_array/magdown/neutrals_with_id/graphs/train_graphs/events_30100_to_30199_train.pt with 81 events
Event 30200...
Event 30225...
Event 30250...
Event 30275...
Saving chunk 302 to /eos/user/e/ebornand/DFEI/FullMC/npy_array/magdown/neutrals_with_id/graphs/train_graphs/events_30200_to_30299_train.pt with 83 events
Event 30300...
Event 30325...
Event 30350...
Event 30375...
Saving chunk 303 to /eos/user/e/ebornand/DFEI/FullMC/npy_array/magdown/neutrals_with_id/graphs/train_graphs/events_30300_to_30399_train.pt with 83 events
Event 30400...
Event 30425...
Event 30450...
Event 30475...
Saving chunk 304 to /eos/user/e/ebornand/DFEI/FullMC/npy_array/magdown/neutrals_with_id/graphs/train_graphs/events_30400_to_30499_train.pt with 84 events
Event 30500...
Event 30525...
Event 30550...
Event 30575...
Saving chunk 305 to /eos/user/e/ebornand/DFEI/FullMC/npy_array/magdown/neutrals_with_id/graphs/train_graphs/events_30500_to_30599_train.pt with 84 events
Event 30600...
Event 30625...
Event 30650...
Event 30675...
Saving chunk 306 to /eos/user/e/ebornand/DFEI/FullMC/npy_array/magdown/neutrals_with_id/graphs/train_graphs/events_30600_to_30699_train.pt with 79 events
Event 30700...
Event 30725...
Event 30750...
Event 30775...
Saving chunk 307 to /eos/user/e/ebornand/DFEI/FullMC/npy_array/magdown/neutrals_with_id/graphs/train_graphs/events_30700_to_30799_train.pt with 85 events
Event 30800...
Event 30825...
Event 30850...
Event 30875...
Saving chunk 308 to /eos/user/e/ebornand/DFEI/FullMC/npy_array/magdown/neutrals_with_id/graphs/train_graphs/events_30800_to_30899_train.pt with 92 events
Event 30900...
Event 30925...
Event 30950...
Event 30975...
Saving chunk 309 to /eos/user/e/ebornand/DFEI/FullMC/npy_array/magdown/neutrals_with_id/graphs/train_graphs/events_30900_to_30999_train.pt with 81 events
Event 31000...
Event 31025...
Event 31050...
Event 31075...
Saving chunk 310 to /eos/user/e/ebornand/DFEI/FullMC/npy_array/magdown/neutrals_with_id/graphs/train_graphs/events_31000_to_31099_train.pt with 88 events
Event 31100...
Event 31125...
Event 31150...
Event 31175...
Saving chunk 311 to /eos/user/e/ebornand/DFEI/FullMC/npy_array/magdown/neutrals_with_id/graphs/train_graphs/events_31100_to_31199_train.pt with 82 events
Event 31200...
Event 31225...
Event 31250...
Event 31275...
Saving chunk 312 to /eos/user/e/ebornand/DFEI/FullMC/npy_array/magdown/neutrals_with_id/graphs/train_graphs/events_31200_to_31299_train.pt with 85 events
Event 31300...
Event 31325...
Event 31350...
Event 31375...
Saving chunk 313 to /eos/user/e/ebornand/DFEI/FullMC/npy_array/magdown/neutrals_with_id/graphs/train_graphs/events_31300_to_31399_train.pt with 89 events
Event 31400...
Event 31425...
Event 31450...
Event 31475...
Saving chunk 314 to /eos/user/e/ebornand/DFEI/FullMC/npy_array/magdown/neutrals_with_id/graphs/train_graphs/events_31400_to_31499_train.pt with 91 events
Event 31500...
Event 31525...
Event 31550...
Event 31575...
Saving chunk 315 to /eos/user/e/ebornand/DFEI/FullMC/npy_array/magdown/neutrals_with_id/graphs/train_graphs/events_31500_to_31599_train.pt with 87 events
Event 31600...
Event 31625...
Event 31650...
Event 31675...
Saving chunk 316 to /eos/user/e/ebornand/DFEI/FullMC/npy_array/magdown/neutrals_with_id/graphs/train_graphs/events_31600_to_31699_train.pt with 84 events
Event 31700...
Event 31725...
Event 31750...
Event 31775...
Saving chunk 317 to /eos/user/e/ebornand/DFEI/FullMC/npy_array/magdown/neutrals_with_id/graphs/train_graphs/events_31700_to_31799_train.pt with 86 events
Event 31800...
Event 31825...
Event 31850...
Event 31875...
Saving chunk 318 to /eos/user/e/ebornand/DFEI/FullMC/npy_array/magdown/neutrals_with_id/graphs/train_graphs/events_31800_to_31899_train.pt with 91 events
Event 31900...
Event 31925...
Event 31950...
Event 31975...
Saving chunk 319 to /eos/user/e/ebornand/DFEI/FullMC/npy_array/magdown/neutrals_with_id/graphs/train_graphs/events_31900_to_31999_train.pt with 88 events
Event 32000...
Event 32025...
Event 32050...
Event 32075...
Saving chunk 320 to /eos/user/e/ebornand/DFEI/FullMC/npy_array/magdown/neutrals_with_id/graphs/train_graphs/events_32000_to_32099_train.pt with 86 events
Event 32100...
Event 32125...
Event 32150...
Event 32175...
Saving chunk 321 to /eos/user/e/ebornand/DFEI/FullMC/npy_array/magdown/neutrals_with_id/graphs/train_graphs/events_32100_to_32199_train.pt with 83 events
Event 32200...
Event 32225...
Event 32250...
Event 32275...
Saving chunk 322 to /eos/user/e/ebornand/DFEI/FullMC/npy_array/magdown/neutrals_with_id/graphs/train_graphs/events_32200_to_32299_train.pt with 80 events
Event 32300...
Event 32325...
Event 32350...
Event 32375...
Saving chunk 323 to /eos/user/e/ebornand/DFEI/FullMC/npy_array/magdown/neutrals_with_id/graphs/train_graphs/events_32300_to_32399_train.pt with 83 events
Event 32400...
Event 32425...
Event 32450...
Event 32475...
Saving chunk 324 to /eos/user/e/ebornand/DFEI/FullMC/npy_array/magdown/neutrals_with_id/graphs/train_graphs/events_32400_to_32499_train.pt with 84 events
Event 32500...
Event 32525...
Event 32550...
Event 32575...
Saving chunk 325 to /eos/user/e/ebornand/DFEI/FullMC/npy_array/magdown/neutrals_with_id/graphs/train_graphs/events_32500_to_32599_train.pt with 84 events
Event 32600...
Event 32625...
Event 32650...
Event 32675...
Saving chunk 326 to /eos/user/e/ebornand/DFEI/FullMC/npy_array/magdown/neutrals_with_id/graphs/train_graphs/events_32600_to_32699_train.pt with 90 events
Event 32700...
Event 32725...
Event 32750...
Event 32775...
Saving chunk 327 to /eos/user/e/ebornand/DFEI/FullMC/npy_array/magdown/neutrals_with_id/graphs/train_graphs/events_32700_to_32799_train.pt with 88 events
Event 32800...
Event 32825...
Event 32850...
Event 32875...
Saving chunk 328 to /eos/user/e/ebornand/DFEI/FullMC/npy_array/magdown/neutrals_with_id/graphs/train_graphs/events_32800_to_32899_train.pt with 83 events
Event 32900...
Event 32925...
Event 32950...
Event 32975...
Saving chunk 329 to /eos/user/e/ebornand/DFEI/FullMC/npy_array/magdown/neutrals_with_id/graphs/train_graphs/events_32900_to_32999_train.pt with 86 events
Event 33000...
Event 33025...
Event 33050...
Event 33075...
Saving chunk 330 to /eos/user/e/ebornand/DFEI/FullMC/npy_array/magdown/neutrals_with_id/graphs/train_graphs/events_33000_to_33099_train.pt with 86 events
Event 33100...
Event 33125...
Event 33150...
Event 33175...
Saving chunk 331 to /eos/user/e/ebornand/DFEI/FullMC/npy_array/magdown/neutrals_with_id/graphs/train_graphs/events_33100_to_33199_train.pt with 87 events
Event 33200...
Event 33225...
Event 33250...
Event 33275...
Saving chunk 332 to /eos/user/e/ebornand/DFEI/FullMC/npy_array/magdown/neutrals_with_id/graphs/train_graphs/events_33200_to_33299_train.pt with 85 events
Event 33300...
Event 33325...
Event 33350...
Event 33375...
Saving chunk 333 to /eos/user/e/ebornand/DFEI/FullMC/npy_array/magdown/neutrals_with_id/graphs/train_graphs/events_33300_to_33399_train.pt with 81 events
Event 33400...
Event 33425...
Event 33450...
Event 33475...
Saving chunk 334 to /eos/user/e/ebornand/DFEI/FullMC/npy_array/magdown/neutrals_with_id/graphs/train_graphs/events_33400_to_33499_train.pt with 86 events
Event 33500...
Event 33525...
Event 33550...
Event 33575...
Saving chunk 335 to /eos/user/e/ebornand/DFEI/FullMC/npy_array/magdown/neutrals_with_id/graphs/train_graphs/events_33500_to_33599_train.pt with 84 events
Event 33600...
Event 33625...
Event 33650...
Event 33675...
Saving chunk 336 to /eos/user/e/ebornand/DFEI/FullMC/npy_array/magdown/neutrals_with_id/graphs/train_graphs/events_33600_to_33699_train.pt with 87 events
Event 33700...
Event 33725...
Event 33750...
Event 33775...
Saving chunk 337 to /eos/user/e/ebornand/DFEI/FullMC/npy_array/magdown/neutrals_with_id/graphs/train_graphs/events_33700_to_33799_train.pt with 86 events
Event 33800...
Event 33825...
Event 33850...
Event 33875...
Saving chunk 338 to /eos/user/e/ebornand/DFEI/FullMC/npy_array/magdown/neutrals_with_id/graphs/train_graphs/events_33800_to_33899_train.pt with 90 events
Event 33900...
Event 33925...
Event 33950...
Event 33975...
Saving chunk 339 to /eos/user/e/ebornand/DFEI/FullMC/npy_array/magdown/neutrals_with_id/graphs/train_graphs/events_33900_to_33999_train.pt with 89 events
Event 34000...
Event 34025...
Event 34050...
Event 34075...
Saving chunk 340 to /eos/user/e/ebornand/DFEI/FullMC/npy_array/magdown/neutrals_with_id/graphs/train_graphs/events_34000_to_34099_train.pt with 85 events
Event 34100...
Event 34125...
Event 34150...
Event 34175...
Saving chunk 341 to /eos/user/e/ebornand/DFEI/FullMC/npy_array/magdown/neutrals_with_id/graphs/train_graphs/events_34100_to_34199_train.pt with 86 events
Event 34200...
Event 34225...
Event 34250...
Event 34275...
Saving chunk 342 to /eos/user/e/ebornand/DFEI/FullMC/npy_array/magdown/neutrals_with_id/graphs/train_graphs/events_34200_to_34299_train.pt with 88 events
Event 34300...
Event 34325...
Event 34350...
Event 34375...
Saving chunk 343 to /eos/user/e/ebornand/DFEI/FullMC/npy_array/magdown/neutrals_with_id/graphs/train_graphs/events_34300_to_34399_train.pt with 86 events
Event 34400...
Event 34425...
Event 34450...
Event 34475...
Saving chunk 344 to /eos/user/e/ebornand/DFEI/FullMC/npy_array/magdown/neutrals_with_id/graphs/train_graphs/events_34400_to_34499_train.pt with 94 events
Event 34500...
Event 34525...
Event 34550...
Event 34575...
Saving chunk 345 to /eos/user/e/ebornand/DFEI/FullMC/npy_array/magdown/neutrals_with_id/graphs/train_graphs/events_34500_to_34599_train.pt with 82 events
Event 34600...
Event 34625...
Event 34650...
Event 34675...
Saving chunk 346 to /eos/user/e/ebornand/DFEI/FullMC/npy_array/magdown/neutrals_with_id/graphs/train_graphs/events_34600_to_34699_train.pt with 83 events
Event 34700...
Event 34725...
Event 34750...
Event 34775...
Saving chunk 347 to /eos/user/e/ebornand/DFEI/FullMC/npy_array/magdown/neutrals_with_id/graphs/train_graphs/events_34700_to_34799_train.pt with 81 events
Event 34800...
Event 34825...
Event 34850...
Event 34875...
Saving chunk 348 to /eos/user/e/ebornand/DFEI/FullMC/npy_array/magdown/neutrals_with_id/graphs/train_graphs/events_34800_to_34899_train.pt with 83 events
Event 34900...
Event 34925...
Event 34950...
Event 34975...
Saving chunk 349 to /eos/user/e/ebornand/DFEI/FullMC/npy_array/magdown/neutrals_with_id/graphs/train_graphs/events_34900_to_34999_train.pt with 78 events
Event 35000...
Event 35025...
Event 35050...
Event 35075...
Saving chunk 350 to /eos/user/e/ebornand/DFEI/FullMC/npy_array/magdown/neutrals_with_id/graphs/train_graphs/events_35000_to_35099_train.pt with 88 events
Event 35100...
Event 35125...
Event 35150...
Event 35175...
Saving chunk 351 to /eos/user/e/ebornand/DFEI/FullMC/npy_array/magdown/neutrals_with_id/graphs/train_graphs/events_35100_to_35199_train.pt with 85 events
Event 35200...
Event 35225...
Event 35250...
Event 35275...
Saving chunk 352 to /eos/user/e/ebornand/DFEI/FullMC/npy_array/magdown/neutrals_with_id/graphs/train_graphs/events_35200_to_35299_train.pt with 78 events
Event 35300...
Event 35325...
Event 35350...
Event 35375...
Saving chunk 353 to /eos/user/e/ebornand/DFEI/FullMC/npy_array/magdown/neutrals_with_id/graphs/train_graphs/events_35300_to_35399_train.pt with 82 events
Event 35400...
Event 35425...
Event 35450...
Event 35475...
Saving chunk 354 to /eos/user/e/ebornand/DFEI/FullMC/npy_array/magdown/neutrals_with_id/graphs/train_graphs/events_35400_to_35499_train.pt with 86 events
Event 35500...
Event 35525...
Event 35550...
Event 35575...
Saving chunk 355 to /eos/user/e/ebornand/DFEI/FullMC/npy_array/magdown/neutrals_with_id/graphs/train_graphs/events_35500_to_35599_train.pt with 79 events
Event 35600...
Event 35625...
Event 35650...
Event 35675...
Saving chunk 356 to /eos/user/e/ebornand/DFEI/FullMC/npy_array/magdown/neutrals_with_id/graphs/train_graphs/events_35600_to_35699_train.pt with 92 events
Event 35700...
Event 35725...
Event 35750...
Event 35775...
Saving chunk 357 to /eos/user/e/ebornand/DFEI/FullMC/npy_array/magdown/neutrals_with_id/graphs/train_graphs/events_35700_to_35799_train.pt with 88 events
Event 35800...
Event 35825...
Event 35850...
Event 35875...
Saving chunk 358 to /eos/user/e/ebornand/DFEI/FullMC/npy_array/magdown/neutrals_with_id/graphs/train_graphs/events_35800_to_35899_train.pt with 91 events
Event 35900...
Event 35925...
Event 35950...
Event 35975...
Saving chunk 359 to /eos/user/e/ebornand/DFEI/FullMC/npy_array/magdown/neutrals_with_id/graphs/train_graphs/events_35900_to_35999_train.pt with 77 events
Event 36000...
Event 36025...
Event 36050...
Event 36075...
Saving chunk 360 to /eos/user/e/ebornand/DFEI/FullMC/npy_array/magdown/neutrals_with_id/graphs/train_graphs/events_36000_to_36099_train.pt with 86 events
Event 36100...
Event 36125...
Event 36150...
Event 36175...
Saving chunk 361 to /eos/user/e/ebornand/DFEI/FullMC/npy_array/magdown/neutrals_with_id/graphs/train_graphs/events_36100_to_36199_train.pt with 81 events
Event 36200...
Event 36225...
Event 36250...
Event 36275...
Saving chunk 362 to /eos/user/e/ebornand/DFEI/FullMC/npy_array/magdown/neutrals_with_id/graphs/train_graphs/events_36200_to_36299_train.pt with 87 events
Event 36300...
Event 36325...
Event 36350...
Event 36375...
Saving chunk 363 to /eos/user/e/ebornand/DFEI/FullMC/npy_array/magdown/neutrals_with_id/graphs/train_graphs/events_36300_to_36399_train.pt with 85 events
Event 36400...
Event 36425...
Event 36450...
Event 36475...
Saving chunk 364 to /eos/user/e/ebornand/DFEI/FullMC/npy_array/magdown/neutrals_with_id/graphs/train_graphs/events_36400_to_36499_train.pt with 85 events
Event 36500...
Event 36525...
Event 36550...
Event 36575...
Saving chunk 365 to /eos/user/e/ebornand/DFEI/FullMC/npy_array/magdown/neutrals_with_id/graphs/train_graphs/events_36500_to_36599_train.pt with 83 events
Event 36600...
Event 36625...
Event 36650...
Event 36675...
Saving chunk 366 to /eos/user/e/ebornand/DFEI/FullMC/npy_array/magdown/neutrals_with_id/graphs/train_graphs/events_36600_to_36699_train.pt with 83 events
Event 36700...
Event 36725...
Event 36750...
Event 36775...
Saving chunk 367 to /eos/user/e/ebornand/DFEI/FullMC/npy_array/magdown/neutrals_with_id/graphs/train_graphs/events_36700_to_36799_train.pt with 88 events
Event 36800...
Event 36825...
Event 36850...
Event 36875...
Saving chunk 368 to /eos/user/e/ebornand/DFEI/FullMC/npy_array/magdown/neutrals_with_id/graphs/train_graphs/events_36800_to_36899_train.pt with 86 events
Event 36900...
Event 36925...
Event 36950...
Event 36975...
Saving chunk 369 to /eos/user/e/ebornand/DFEI/FullMC/npy_array/magdown/neutrals_with_id/graphs/train_graphs/events_36900_to_36999_train.pt with 90 events
Event 37000...
Event 37025...
Event 37050...
Event 37075...
Saving chunk 370 to /eos/user/e/ebornand/DFEI/FullMC/npy_array/magdown/neutrals_with_id/graphs/train_graphs/events_37000_to_37099_train.pt with 87 events
Event 37100...
Event 37125...
Event 37150...
Event 37175...
Saving chunk 371 to /eos/user/e/ebornand/DFEI/FullMC/npy_array/magdown/neutrals_with_id/graphs/train_graphs/events_37100_to_37199_train.pt with 90 events
Event 37200...
Event 37225...
Event 37250...
Event 37275...
Saving chunk 372 to /eos/user/e/ebornand/DFEI/FullMC/npy_array/magdown/neutrals_with_id/graphs/train_graphs/events_37200_to_37299_train.pt with 91 events
Event 37300...
Event 37325...
Event 37350...
Event 37375...
Saving chunk 373 to /eos/user/e/ebornand/DFEI/FullMC/npy_array/magdown/neutrals_with_id/graphs/train_graphs/events_37300_to_37399_train.pt with 81 events
Event 37400...
Event 37425...
Event 37450...
Event 37475...
Saving chunk 374 to /eos/user/e/ebornand/DFEI/FullMC/npy_array/magdown/neutrals_with_id/graphs/train_graphs/events_37400_to_37499_train.pt with 90 events
Event 37500...
Event 37525...
Event 37550...
Event 37575...
Saving chunk 375 to /eos/user/e/ebornand/DFEI/FullMC/npy_array/magdown/neutrals_with_id/graphs/train_graphs/events_37500_to_37599_train.pt with 85 events
Event 37600...
Event 37625...
Event 37650...
Event 37675...
Saving chunk 376 to /eos/user/e/ebornand/DFEI/FullMC/npy_array/magdown/neutrals_with_id/graphs/train_graphs/events_37600_to_37699_train.pt with 83 events
Event 37700...
Event 37725...
Event 37750...
Event 37775...
Saving chunk 377 to /eos/user/e/ebornand/DFEI/FullMC/npy_array/magdown/neutrals_with_id/graphs/train_graphs/events_37700_to_37799_train.pt with 78 events
Event 37800...
Event 37825...
Event 37850...
Event 37875...
Saving chunk 378 to /eos/user/e/ebornand/DFEI/FullMC/npy_array/magdown/neutrals_with_id/graphs/train_graphs/events_37800_to_37899_train.pt with 90 events
Event 37900...
Event 37925...
Event 37950...
Event 37975...
Saving chunk 379 to /eos/user/e/ebornand/DFEI/FullMC/npy_array/magdown/neutrals_with_id/graphs/train_graphs/events_37900_to_37999_train.pt with 80 events
Event 38000...
Event 38025...
Event 38050...
Event 38075...
Saving chunk 380 to /eos/user/e/ebornand/DFEI/FullMC/npy_array/magdown/neutrals_with_id/graphs/train_graphs/events_38000_to_38099_train.pt with 90 events
Event 38100...
Event 38125...
Event 38150...
Event 38175...
Saving chunk 381 to /eos/user/e/ebornand/DFEI/FullMC/npy_array/magdown/neutrals_with_id/graphs/train_graphs/events_38100_to_38199_train.pt with 90 events
Event 38200...
Event 38225...
Event 38250...
Event 38275...
Saving chunk 382 to /eos/user/e/ebornand/DFEI/FullMC/npy_array/magdown/neutrals_with_id/graphs/train_graphs/events_38200_to_38299_train.pt with 82 events
Event 38300...
Event 38325...
Event 38350...
Event 38375...
Saving chunk 383 to /eos/user/e/ebornand/DFEI/FullMC/npy_array/magdown/neutrals_with_id/graphs/train_graphs/events_38300_to_38399_train.pt with 83 events
Event 38400...
Event 38425...
Event 38450...
Event 38475...
Saving chunk 384 to /eos/user/e/ebornand/DFEI/FullMC/npy_array/magdown/neutrals_with_id/graphs/train_graphs/events_38400_to_38499_train.pt with 84 events
Event 38500...
Event 38525...
Event 38550...
Event 38575...
Saving chunk 385 to /eos/user/e/ebornand/DFEI/FullMC/npy_array/magdown/neutrals_with_id/graphs/train_graphs/events_38500_to_38599_train.pt with 82 events
Event 38600...
Event 38625...
Event 38650...
Event 38675...
Saving chunk 386 to /eos/user/e/ebornand/DFEI/FullMC/npy_array/magdown/neutrals_with_id/graphs/train_graphs/events_38600_to_38699_train.pt with 91 events
Event 38700...
Event 38725...
Event 38750...
Event 38775...
Saving chunk 387 to /eos/user/e/ebornand/DFEI/FullMC/npy_array/magdown/neutrals_with_id/graphs/train_graphs/events_38700_to_38799_train.pt with 85 events
Event 38800...
Event 38825...
Event 38850...
Event 38875...
Saving chunk 388 to /eos/user/e/ebornand/DFEI/FullMC/npy_array/magdown/neutrals_with_id/graphs/train_graphs/events_38800_to_38899_train.pt with 89 events
Event 38900...
Event 38925...
Event 38950...
Event 38975...
Saving chunk 389 to /eos/user/e/ebornand/DFEI/FullMC/npy_array/magdown/neutrals_with_id/graphs/train_graphs/events_38900_to_38999_train.pt with 88 events
Event 39000...
Event 39025...
Event 39050...
Event 39075...
Saving chunk 390 to /eos/user/e/ebornand/DFEI/FullMC/npy_array/magdown/neutrals_with_id/graphs/train_graphs/events_39000_to_39099_train.pt with 87 events
Event 39100...
Event 39125...
Event 39150...
Event 39175...
Saving chunk 391 to /eos/user/e/ebornand/DFEI/FullMC/npy_array/magdown/neutrals_with_id/graphs/train_graphs/events_39100_to_39199_train.pt with 84 events
Event 39200...
Event 39225...
Event 39250...
Event 39275...
Saving chunk 392 to /eos/user/e/ebornand/DFEI/FullMC/npy_array/magdown/neutrals_with_id/graphs/train_graphs/events_39200_to_39299_train.pt with 81 events
Event 39300...
Event 39325...
Event 39350...
Event 39375...
Saving chunk 393 to /eos/user/e/ebornand/DFEI/FullMC/npy_array/magdown/neutrals_with_id/graphs/train_graphs/events_39300_to_39399_train.pt with 86 events
Event 39400...
Event 39425...
Event 39450...
Event 39475...
Saving chunk 394 to /eos/user/e/ebornand/DFEI/FullMC/npy_array/magdown/neutrals_with_id/graphs/train_graphs/events_39400_to_39499_train.pt with 82 events
Processed 33688 events in 9394.01s, avg 0.28s/event
Generating graphs from scratch...
Event 0...
Event 25...
Event 50...
Event 75...
Saving chunk 0 to /eos/user/e/ebornand/DFEI/FullMC/npy_array/magdown/neutrals_with_id/graphs/val_graphs/events_00000_to_00099_val.pt with 83 events
Event 100...
Event 125...
Event 150...
Event 175...
Saving chunk 1 to /eos/user/e/ebornand/DFEI/FullMC/npy_array/magdown/neutrals_with_id/graphs/val_graphs/events_00100_to_00199_val.pt with 87 events
Event 200...
Event 225...
Event 250...
Event 275...
Saving chunk 2 to /eos/user/e/ebornand/DFEI/FullMC/npy_array/magdown/neutrals_with_id/graphs/val_graphs/events_00200_to_00299_val.pt with 83 events
Event 300...
Event 325...
Event 350...
Event 375...
Saving chunk 3 to /eos/user/e/ebornand/DFEI/FullMC/npy_array/magdown/neutrals_with_id/graphs/val_graphs/events_00300_to_00399_val.pt with 87 events
Event 400...
Event 425...
Event 450...
Event 475...
Saving chunk 4 to /eos/user/e/ebornand/DFEI/FullMC/npy_array/magdown/neutrals_with_id/graphs/val_graphs/events_00400_to_00499_val.pt with 81 events
Event 500...
Event 525...
Event 550...
Event 575...
Saving chunk 5 to /eos/user/e/ebornand/DFEI/FullMC/npy_array/magdown/neutrals_with_id/graphs/val_graphs/events_00500_to_00599_val.pt with 77 events
Event 600...
Event 625...
Event 650...
Event 675...
Saving chunk 6 to /eos/user/e/ebornand/DFEI/FullMC/npy_array/magdown/neutrals_with_id/graphs/val_graphs/events_00600_to_00699_val.pt with 84 events
Event 700...
Event 725...
Event 750...
Event 775...
Saving chunk 7 to /eos/user/e/ebornand/DFEI/FullMC/npy_array/magdown/neutrals_with_id/graphs/val_graphs/events_00700_to_00799_val.pt with 85 events
Event 800...
Event 825...
Event 850...
Event 875...
Saving chunk 8 to /eos/user/e/ebornand/DFEI/FullMC/npy_array/magdown/neutrals_with_id/graphs/val_graphs/events_00800_to_00899_val.pt with 82 events
Event 900...
Event 925...
Event 950...
Event 975...
Saving chunk 9 to /eos/user/e/ebornand/DFEI/FullMC/npy_array/magdown/neutrals_with_id/graphs/val_graphs/events_00900_to_00999_val.pt with 82 events
Event 1000...
Event 1025...
Event 1050...
Event 1075...
Saving chunk 10 to /eos/user/e/ebornand/DFEI/FullMC/npy_array/magdown/neutrals_with_id/graphs/val_graphs/events_01000_to_01099_val.pt with 81 events
Event 1100...
Event 1125...
Event 1150...
Event 1175...
Saving chunk 11 to /eos/user/e/ebornand/DFEI/FullMC/npy_array/magdown/neutrals_with_id/graphs/val_graphs/events_01100_to_01199_val.pt with 83 events
Event 1200...
Event 1225...
Event 1250...
Event 1275...
Saving chunk 12 to /eos/user/e/ebornand/DFEI/FullMC/npy_array/magdown/neutrals_with_id/graphs/val_graphs/events_01200_to_01299_val.pt with 82 events
Event 1300...
Event 1325...
Event 1350...
Event 1375...
Saving chunk 13 to /eos/user/e/ebornand/DFEI/FullMC/npy_array/magdown/neutrals_with_id/graphs/val_graphs/events_01300_to_01399_val.pt with 82 events
Event 1400...
Event 1425...
Event 1450...
Event 1475...
Saving chunk 14 to /eos/user/e/ebornand/DFEI/FullMC/npy_array/magdown/neutrals_with_id/graphs/val_graphs/events_01400_to_01499_val.pt with 86 events
Event 1500...
Event 1525...
Event 1550...
Event 1575...
Saving chunk 15 to /eos/user/e/ebornand/DFEI/FullMC/npy_array/magdown/neutrals_with_id/graphs/val_graphs/events_01500_to_01599_val.pt with 84 events
Event 1600...
Event 1625...
Event 1650...
Event 1675...
Saving chunk 16 to /eos/user/e/ebornand/DFEI/FullMC/npy_array/magdown/neutrals_with_id/graphs/val_graphs/events_01600_to_01699_val.pt with 85 events
Event 1700...
Event 1725...
Event 1750...
Event 1775...
Saving chunk 17 to /eos/user/e/ebornand/DFEI/FullMC/npy_array/magdown/neutrals_with_id/graphs/val_graphs/events_01700_to_01799_val.pt with 85 events
Event 1800...
Event 1825...
Event 1850...
Event 1875...
Saving chunk 18 to /eos/user/e/ebornand/DFEI/FullMC/npy_array/magdown/neutrals_with_id/graphs/val_graphs/events_01800_to_01899_val.pt with 95 events
Event 1900...
Event 1925...
Event 1950...
Event 1975...
Saving chunk 19 to /eos/user/e/ebornand/DFEI/FullMC/npy_array/magdown/neutrals_with_id/graphs/val_graphs/events_01900_to_01999_val.pt with 86 events
Event 2000...
Event 2025...
Event 2050...
Event 2075...
Saving chunk 20 to /eos/user/e/ebornand/DFEI/FullMC/npy_array/magdown/neutrals_with_id/graphs/val_graphs/events_02000_to_02099_val.pt with 87 events
Event 2100...
Event 2125...
Event 2150...
Event 2175...
Saving chunk 21 to /eos/user/e/ebornand/DFEI/FullMC/npy_array/magdown/neutrals_with_id/graphs/val_graphs/events_02100_to_02199_val.pt with 82 events
Event 2200...
Event 2225...
Event 2250...
Event 2275...
Saving chunk 22 to /eos/user/e/ebornand/DFEI/FullMC/npy_array/magdown/neutrals_with_id/graphs/val_graphs/events_02200_to_02299_val.pt with 86 events
Event 2300...
Event 2325...
Event 2350...
Event 2375...
Saving chunk 23 to /eos/user/e/ebornand/DFEI/FullMC/npy_array/magdown/neutrals_with_id/graphs/val_graphs/events_02300_to_02399_val.pt with 92 events
Event 2400...
Event 2425...
Event 2450...
Event 2475...
Saving chunk 24 to /eos/user/e/ebornand/DFEI/FullMC/npy_array/magdown/neutrals_with_id/graphs/val_graphs/events_02400_to_02499_val.pt with 89 events
Event 2500...
Event 2525...
Event 2550...
Event 2575...
Saving chunk 25 to /eos/user/e/ebornand/DFEI/FullMC/npy_array/magdown/neutrals_with_id/graphs/val_graphs/events_02500_to_02599_val.pt with 85 events
Event 2600...
Event 2625...
Event 2650...
Event 2675...
Saving chunk 26 to /eos/user/e/ebornand/DFEI/FullMC/npy_array/magdown/neutrals_with_id/graphs/val_graphs/events_02600_to_02699_val.pt with 83 events
Event 2700...
Event 2725...
Event 2750...
Event 2775...
Saving chunk 27 to /eos/user/e/ebornand/DFEI/FullMC/npy_array/magdown/neutrals_with_id/graphs/val_graphs/events_02700_to_02799_val.pt with 83 events
Event 2800...
Event 2825...
Event 2850...
Event 2875...
Saving chunk 28 to /eos/user/e/ebornand/DFEI/FullMC/npy_array/magdown/neutrals_with_id/graphs/val_graphs/events_02800_to_02899_val.pt with 91 events
Event 2900...
Event 2925...
Event 2950...
Event 2975...
Saving chunk 29 to /eos/user/e/ebornand/DFEI/FullMC/npy_array/magdown/neutrals_with_id/graphs/val_graphs/events_02900_to_02999_val.pt with 85 events
Event 3000...
Event 3025...
Event 3050...
Event 3075...
Saving chunk 30 to /eos/user/e/ebornand/DFEI/FullMC/npy_array/magdown/neutrals_with_id/graphs/val_graphs/events_03000_to_03099_val.pt with 81 events
Event 3100...
Event 3125...
Event 3150...
Event 3175...
Saving chunk 31 to /eos/user/e/ebornand/DFEI/FullMC/npy_array/magdown/neutrals_with_id/graphs/val_graphs/events_03100_to_03199_val.pt with 83 events
Event 3200...
Event 3225...
Event 3250...
Event 3275...
Saving chunk 32 to /eos/user/e/ebornand/DFEI/FullMC/npy_array/magdown/neutrals_with_id/graphs/val_graphs/events_03200_to_03299_val.pt with 88 events
Event 3300...
Event 3325...
Event 3350...
Event 3375...
Saving chunk 33 to /eos/user/e/ebornand/DFEI/FullMC/npy_array/magdown/neutrals_with_id/graphs/val_graphs/events_03300_to_03399_val.pt with 80 events
Event 3400...
Event 3425...
Event 3450...
Event 3475...
Saving chunk 34 to /eos/user/e/ebornand/DFEI/FullMC/npy_array/magdown/neutrals_with_id/graphs/val_graphs/events_03400_to_03499_val.pt with 89 events
Event 3500...
Event 3525...
Event 3550...
Event 3575...
Saving chunk 35 to /eos/user/e/ebornand/DFEI/FullMC/npy_array/magdown/neutrals_with_id/graphs/val_graphs/events_03500_to_03599_val.pt with 89 events
Event 3600...
Event 3625...
Event 3650...
Event 3675...
Saving chunk 36 to /eos/user/e/ebornand/DFEI/FullMC/npy_array/magdown/neutrals_with_id/graphs/val_graphs/events_03600_to_03699_val.pt with 83 events
Event 3700...
Event 3725...
Event 3750...
Event 3775...
Saving chunk 37 to /eos/user/e/ebornand/DFEI/FullMC/npy_array/magdown/neutrals_with_id/graphs/val_graphs/events_03700_to_03799_val.pt with 87 events
Event 3800...
Event 3825...
Event 3850...
Event 3875...
Saving chunk 38 to /eos/user/e/ebornand/DFEI/FullMC/npy_array/magdown/neutrals_with_id/graphs/val_graphs/events_03800_to_03899_val.pt with 87 events
Event 3900...
Event 3925...
Event 3950...
Event 3975...
Saving chunk 39 to /eos/user/e/ebornand/DFEI/FullMC/npy_array/magdown/neutrals_with_id/graphs/val_graphs/events_03900_to_03999_val.pt with 84 events
Event 4000...
Event 4025...
Event 4050...
Event 4075...
Saving chunk 40 to /eos/user/e/ebornand/DFEI/FullMC/npy_array/magdown/neutrals_with_id/graphs/val_graphs/events_04000_to_04099_val.pt with 88 events
Event 4100...
Event 4125...
Event 4150...
Event 4175...
Saving chunk 41 to /eos/user/e/ebornand/DFEI/FullMC/npy_array/magdown/neutrals_with_id/graphs/val_graphs/events_04100_to_04199_val.pt with 85 events
Event 4200...
Event 4225...
Event 4250...
Event 4275...
Saving chunk 42 to /eos/user/e/ebornand/DFEI/FullMC/npy_array/magdown/neutrals_with_id/graphs/val_graphs/events_04200_to_04299_val.pt with 83 events
Event 4300...
Event 4325...
Event 4350...
Event 4375...
Saving chunk 43 to /eos/user/e/ebornand/DFEI/FullMC/npy_array/magdown/neutrals_with_id/graphs/val_graphs/events_04300_to_04399_val.pt with 86 events
Event 4400...
Event 4425...
Event 4450...
Event 4475...
Saving chunk 44 to /eos/user/e/ebornand/DFEI/FullMC/npy_array/magdown/neutrals_with_id/graphs/val_graphs/events_04400_to_04499_val.pt with 86 events
Event 4500...
Event 4525...
Event 4550...
Event 4575...
Saving chunk 45 to /eos/user/e/ebornand/DFEI/FullMC/npy_array/magdown/neutrals_with_id/graphs/val_graphs/events_04500_to_04599_val.pt with 89 events
Event 4600...
Event 4625...
Event 4650...
Event 4675...
Saving chunk 46 to /eos/user/e/ebornand/DFEI/FullMC/npy_array/magdown/neutrals_with_id/graphs/val_graphs/events_04600_to_04699_val.pt with 80 events
Event 4700...
Event 4725...
Event 4750...
Event 4775...
Saving chunk 47 to /eos/user/e/ebornand/DFEI/FullMC/npy_array/magdown/neutrals_with_id/graphs/val_graphs/events_04700_to_04799_val.pt with 78 events
Event 4800...
Event 4825...
Event 4850...
Event 4875...
Saving chunk 48 to /eos/user/e/ebornand/DFEI/FullMC/npy_array/magdown/neutrals_with_id/graphs/val_graphs/events_04800_to_04899_val.pt with 87 events
Event 4900...
Event 4925...
Event 4950...
Event 4975...
Saving chunk 49 to /eos/user/e/ebornand/DFEI/FullMC/npy_array/magdown/neutrals_with_id/graphs/val_graphs/events_04900_to_04999_val.pt with 84 events
Event 5000...
Event 5025...
Event 5050...
Event 5075...
Saving chunk 50 to /eos/user/e/ebornand/DFEI/FullMC/npy_array/magdown/neutrals_with_id/graphs/val_graphs/events_05000_to_05099_val.pt with 86 events
Event 5100...
Event 5125...
Event 5150...
Event 5175...
Saving chunk 51 to /eos/user/e/ebornand/DFEI/FullMC/npy_array/magdown/neutrals_with_id/graphs/val_graphs/events_05100_to_05199_val.pt with 86 events
Event 5200...
Event 5225...
Event 5250...
Event 5275...
Saving chunk 52 to /eos/user/e/ebornand/DFEI/FullMC/npy_array/magdown/neutrals_with_id/graphs/val_graphs/events_05200_to_05299_val.pt with 86 events
Event 5300...
Event 5325...
Event 5350...
Event 5375...
Saving chunk 53 to /eos/user/e/ebornand/DFEI/FullMC/npy_array/magdown/neutrals_with_id/graphs/val_graphs/events_05300_to_05399_val.pt with 84 events
Event 5400...
Event 5425...
Event 5450...
Event 5475...
Saving chunk 54 to /eos/user/e/ebornand/DFEI/FullMC/npy_array/magdown/neutrals_with_id/graphs/val_graphs/events_05400_to_05499_val.pt with 82 events
Event 5500...
Event 5525...
Event 5550...
Event 5575...
Saving chunk 55 to /eos/user/e/ebornand/DFEI/FullMC/npy_array/magdown/neutrals_with_id/graphs/val_graphs/events_05500_to_05599_val.pt with 90 events
Event 5600...
Event 5625...
Event 5650...
Event 5675...
Saving chunk 56 to /eos/user/e/ebornand/DFEI/FullMC/npy_array/magdown/neutrals_with_id/graphs/val_graphs/events_05600_to_05699_val.pt with 80 events
Event 5700...
Event 5725...
Event 5750...
Event 5775...
Saving chunk 57 to /eos/user/e/ebornand/DFEI/FullMC/npy_array/magdown/neutrals_with_id/graphs/val_graphs/events_05700_to_05799_val.pt with 83 events
Event 5800...
Event 5825...
Event 5850...
Event 5875...
Saving chunk 58 to /eos/user/e/ebornand/DFEI/FullMC/npy_array/magdown/neutrals_with_id/graphs/val_graphs/events_05800_to_05899_val.pt with 89 events
Event 5900...
Event 5925...
Event 5950...
Event 5975...
Saving chunk 59 to /eos/user/e/ebornand/DFEI/FullMC/npy_array/magdown/neutrals_with_id/graphs/val_graphs/events_05900_to_05999_val.pt with 84 events
Event 6000...
Event 6025...
Event 6050...
Event 6075...
Saving chunk 60 to /eos/user/e/ebornand/DFEI/FullMC/npy_array/magdown/neutrals_with_id/graphs/val_graphs/events_06000_to_06099_val.pt with 83 events
Event 6100...
Event 6125...
Event 6150...
Event 6175...
Saving chunk 61 to /eos/user/e/ebornand/DFEI/FullMC/npy_array/magdown/neutrals_with_id/graphs/val_graphs/events_06100_to_06199_val.pt with 85 events
Event 6200...
Event 6225...
Event 6250...
Event 6275...
Saving chunk 62 to /eos/user/e/ebornand/DFEI/FullMC/npy_array/magdown/neutrals_with_id/graphs/val_graphs/events_06200_to_06299_val.pt with 76 events
Event 6300...
Event 6325...
Event 6350...
Event 6375...
Saving chunk 63 to /eos/user/e/ebornand/DFEI/FullMC/npy_array/magdown/neutrals_with_id/graphs/val_graphs/events_06300_to_06399_val.pt with 86 events
Event 6400...
Event 6425...
Event 6450...
Event 6475...
Saving chunk 64 to /eos/user/e/ebornand/DFEI/FullMC/npy_array/magdown/neutrals_with_id/graphs/val_graphs/events_06400_to_06499_val.pt with 84 events
Event 6500...
Event 6525...
Event 6550...
Event 6575...
Saving chunk 65 to /eos/user/e/ebornand/DFEI/FullMC/npy_array/magdown/neutrals_with_id/graphs/val_graphs/events_06500_to_06599_val.pt with 85 events
Event 6600...
Event 6625...
Event 6650...
Event 6675...
Saving chunk 66 to /eos/user/e/ebornand/DFEI/FullMC/npy_array/magdown/neutrals_with_id/graphs/val_graphs/events_06600_to_06699_val.pt with 85 events
Event 6700...
Event 6725...
Event 6750...
Event 6775...
Saving chunk 67 to /eos/user/e/ebornand/DFEI/FullMC/npy_array/magdown/neutrals_with_id/graphs/val_graphs/events_06700_to_06799_val.pt with 83 events
Event 6800...
Event 6825...
Event 6850...
Event 6875...
Saving chunk 68 to /eos/user/e/ebornand/DFEI/FullMC/npy_array/magdown/neutrals_with_id/graphs/val_graphs/events_06800_to_06899_val.pt with 84 events
Event 6900...
Event 6925...
Event 6950...
Event 6975...
Saving chunk 69 to /eos/user/e/ebornand/DFEI/FullMC/npy_array/magdown/neutrals_with_id/graphs/val_graphs/events_06900_to_06999_val.pt with 82 events
Event 7000...
Event 7025...
Event 7050...
Event 7075...
Saving chunk 70 to /eos/user/e/ebornand/DFEI/FullMC/npy_array/magdown/neutrals_with_id/graphs/val_graphs/events_07000_to_07099_val.pt with 83 events
Event 7100...
Event 7125...
Event 7150...
Event 7175...
Saving chunk 71 to /eos/user/e/ebornand/DFEI/FullMC/npy_array/magdown/neutrals_with_id/graphs/val_graphs/events_07100_to_07199_val.pt with 83 events
Event 7200...
Event 7225...
Event 7250...
Event 7275...
Saving chunk 72 to /eos/user/e/ebornand/DFEI/FullMC/npy_array/magdown/neutrals_with_id/graphs/val_graphs/events_07200_to_07299_val.pt with 85 events
Event 7300...
Event 7325...
Event 7350...
Event 7375...
Saving chunk 73 to /eos/user/e/ebornand/DFEI/FullMC/npy_array/magdown/neutrals_with_id/graphs/val_graphs/events_07300_to_07399_val.pt with 84 events
Event 7400...
Event 7425...
Event 7450...
Event 7475...
Saving chunk 74 to /eos/user/e/ebornand/DFEI/FullMC/npy_array/magdown/neutrals_with_id/graphs/val_graphs/events_07400_to_07499_val.pt with 80 events
Event 7500...
Event 7525...
Event 7550...
Event 7575...
Saving chunk 75 to /eos/user/e/ebornand/DFEI/FullMC/npy_array/magdown/neutrals_with_id/graphs/val_graphs/events_07500_to_07599_val.pt with 92 events
Event 7600...
Event 7625...
Event 7650...
Event 7675...
Saving chunk 76 to /eos/user/e/ebornand/DFEI/FullMC/npy_array/magdown/neutrals_with_id/graphs/val_graphs/events_07600_to_07699_val.pt with 86 events
Event 7700...
Event 7725...
Event 7750...
Event 7775...
Saving chunk 77 to /eos/user/e/ebornand/DFEI/FullMC/npy_array/magdown/neutrals_with_id/graphs/val_graphs/events_07700_to_07799_val.pt with 81 events
Event 7800...
Event 7825...
Event 7850...
Event 7875...
Saving chunk 78 to /eos/user/e/ebornand/DFEI/FullMC/npy_array/magdown/neutrals_with_id/graphs/val_graphs/events_07800_to_07899_val.pt with 86 events
Event 7900...
Event 7925...
Event 7950...
Event 7975...
Saving chunk 79 to /eos/user/e/ebornand/DFEI/FullMC/npy_array/magdown/neutrals_with_id/graphs/val_graphs/events_07900_to_07999_val.pt with 88 events
Event 8000...
Event 8025...
Event 8050...
Event 8075...
Saving chunk 80 to /eos/user/e/ebornand/DFEI/FullMC/npy_array/magdown/neutrals_with_id/graphs/val_graphs/events_08000_to_08099_val.pt with 83 events
Event 8100...
Event 8125...
Event 8150...
Event 8175...
Saving chunk 81 to /eos/user/e/ebornand/DFEI/FullMC/npy_array/magdown/neutrals_with_id/graphs/val_graphs/events_08100_to_08199_val.pt with 88 events
Event 8200...
Event 8225...
Event 8250...
Event 8275...
Saving chunk 82 to /eos/user/e/ebornand/DFEI/FullMC/npy_array/magdown/neutrals_with_id/graphs/val_graphs/events_08200_to_08299_val.pt with 82 events
Event 8300...
Event 8325...
Event 8350...
Event 8375...
Saving chunk 83 to /eos/user/e/ebornand/DFEI/FullMC/npy_array/magdown/neutrals_with_id/graphs/val_graphs/events_08300_to_08399_val.pt with 86 events
Event 8400...
Event 8425...
Event 8450...
Event 8475...
Saving chunk 84 to /eos/user/e/ebornand/DFEI/FullMC/npy_array/magdown/neutrals_with_id/graphs/val_graphs/events_08400_to_08499_val.pt with 84 events
Event 8500...
Event 8525...
Event 8550...
Event 8575...
Saving chunk 85 to /eos/user/e/ebornand/DFEI/FullMC/npy_array/magdown/neutrals_with_id/graphs/val_graphs/events_08500_to_08599_val.pt with 86 events
Event 8600...
Event 8625...
Event 8650...
Event 8675...
Saving chunk 86 to /eos/user/e/ebornand/DFEI/FullMC/npy_array/magdown/neutrals_with_id/graphs/val_graphs/events_08600_to_08699_val.pt with 87 events
Event 8700...
Event 8725...
Event 8750...
Event 8775...
Saving chunk 87 to /eos/user/e/ebornand/DFEI/FullMC/npy_array/magdown/neutrals_with_id/graphs/val_graphs/events_08700_to_08799_val.pt with 88 events
Event 8800...
Event 8825...
Event 8850...
Event 8875...
Saving chunk 88 to /eos/user/e/ebornand/DFEI/FullMC/npy_array/magdown/neutrals_with_id/graphs/val_graphs/events_08800_to_08899_val.pt with 91 events
Event 8900...
Event 8925...
Event 8950...
Event 8975...
Saving chunk 89 to /eos/user/e/ebornand/DFEI/FullMC/npy_array/magdown/neutrals_with_id/graphs/val_graphs/events_08900_to_08999_val.pt with 81 events
Event 9000...
Event 9025...
Event 9050...
Event 9075...
Saving chunk 90 to /eos/user/e/ebornand/DFEI/FullMC/npy_array/magdown/neutrals_with_id/graphs/val_graphs/events_09000_to_09099_val.pt with 90 events
Event 9100...
Event 9125...
Event 9150...
Event 9175...
Saving chunk 91 to /eos/user/e/ebornand/DFEI/FullMC/npy_array/magdown/neutrals_with_id/graphs/val_graphs/events_09100_to_09199_val.pt with 83 events
Event 9200...
Event 9225...
Event 9250...
Event 9275...
Saving chunk 92 to /eos/user/e/ebornand/DFEI/FullMC/npy_array/magdown/neutrals_with_id/graphs/val_graphs/events_09200_to_09299_val.pt with 83 events
Event 9300...
Event 9325...
Event 9350...
Event 9375...
Saving chunk 93 to /eos/user/e/ebornand/DFEI/FullMC/npy_array/magdown/neutrals_with_id/graphs/val_graphs/events_09300_to_09399_val.pt with 91 events
Event 9400...
Event 9425...
Event 9450...
Event 9475...
Saving chunk 94 to /eos/user/e/ebornand/DFEI/FullMC/npy_array/magdown/neutrals_with_id/graphs/val_graphs/events_09400_to_09499_val.pt with 88 events
Event 9500...
Event 9525...
Event 9550...
Event 9575...
Saving chunk 95 to /eos/user/e/ebornand/DFEI/FullMC/npy_array/magdown/neutrals_with_id/graphs/val_graphs/events_09500_to_09599_val.pt with 92 events
Event 9600...
Event 9625...
Event 9650...
Event 9675...
Saving chunk 96 to /eos/user/e/ebornand/DFEI/FullMC/npy_array/magdown/neutrals_with_id/graphs/val_graphs/events_09600_to_09699_val.pt with 86 events
Event 9700...
Event 9725...
Event 9750...
Event 9775...
Saving chunk 97 to /eos/user/e/ebornand/DFEI/FullMC/npy_array/magdown/neutrals_with_id/graphs/val_graphs/events_09700_to_09799_val.pt with 88 events
Event 9800...
Event 9825...
Event 9850...
Event 9875...
Saving chunk 98 to /eos/user/e/ebornand/DFEI/FullMC/npy_array/magdown/neutrals_with_id/graphs/val_graphs/events_09800_to_09899_val.pt with 88 events
Event 9900...
Event 9925...
Event 9950...
Event 9975...
Saving chunk 99 to /eos/user/e/ebornand/DFEI/FullMC/npy_array/magdown/neutrals_with_id/graphs/val_graphs/events_09900_to_09999_val.pt with 80 events
Event 10000...
Event 10025...
Event 10050...
Event 10075...
Saving chunk 100 to /eos/user/e/ebornand/DFEI/FullMC/npy_array/magdown/neutrals_with_id/graphs/val_graphs/events_10000_to_10099_val.pt with 83 events
Event 10100...
Event 10125...
Event 10150...
Event 10175...
Saving chunk 101 to /eos/user/e/ebornand/DFEI/FullMC/npy_array/magdown/neutrals_with_id/graphs/val_graphs/events_10100_to_10199_val.pt with 89 events
Event 10200...
Event 10225...
Event 10250...
Event 10275...
Saving chunk 102 to /eos/user/e/ebornand/DFEI/FullMC/npy_array/magdown/neutrals_with_id/graphs/val_graphs/events_10200_to_10299_val.pt with 88 events
Event 10300...
Event 10325...
Event 10350...
Event 10375...
Saving chunk 103 to /eos/user/e/ebornand/DFEI/FullMC/npy_array/magdown/neutrals_with_id/graphs/val_graphs/events_10300_to_10399_val.pt with 82 events
Event 10400...
Event 10425...
Event 10450...
Event 10475...
Saving chunk 104 to /eos/user/e/ebornand/DFEI/FullMC/npy_array/magdown/neutrals_with_id/graphs/val_graphs/events_10400_to_10499_val.pt with 82 events
Event 10500...
Event 10525...
Event 10550...
Event 10575...
Saving chunk 105 to /eos/user/e/ebornand/DFEI/FullMC/npy_array/magdown/neutrals_with_id/graphs/val_graphs/events_10500_to_10599_val.pt with 84 events
Event 10600...
Event 10625...
Event 10650...
Event 10675...
Saving chunk 106 to /eos/user/e/ebornand/DFEI/FullMC/npy_array/magdown/neutrals_with_id/graphs/val_graphs/events_10600_to_10699_val.pt with 80 events
Event 10700...
Event 10725...
Event 10750...
Saving chunk 107 to /eos/user/e/ebornand/DFEI/FullMC/npy_array/magdown/neutrals_with_id/graphs/val_graphs/events_10700_to_10753_val.pt with 47 events
Processed 9131 events in 2621.41s, avg 0.29s/event
Initializing model neutral_heterognn
Training model
Amount signal: 43168, 0.01971248666023405
Amount bkg: 2146713, 0.9802875133397659
Amount total: 2189881
Weights :tensor([ 0.5101, 25.3646])
Use logits False
Checkpoint path: outputs/Final_neutrals_magdown_6block_50+5_epochs_message_passing_BCE/
Running 50 epochs with learning rate 0.001
[15:52:20]  At epoch 0
  batch 790 last_batch 790 loss: 1.3627570231504078
  batch 285 last_batch 285 loss: 1.3509134882374814
Epoch 0 | default threshold:
  Train - Acc: 0.6516, Eff: 0.3816, Rej: 0.6571, ROC AUC: 0.5316
  Val   - Acc: 0.2568, Eff: 0.8850, Rej: 0.2440, ROC AUC: 0.6417
[15:56:08]  At epoch 1
  batch 790 last_batch 790 loss: 1.1651274072973035
  batch 285 last_batch 285 loss: 1.0900351319396704
Epoch 1 | default threshold:
  Train - Acc: 0.6855, Eff: 0.6707, Rej: 0.6858, ROC AUC: 0.7463
  Val   - Acc: 0.7337, Eff: 0.6969, Rej: 0.7345, ROC AUC: 0.7932
[15:59:21]  At epoch 2
  batch 790 last_batch 790 loss: 1.1073994061614894
  batch 285 last_batch 285 loss: 1.080032513852705
Epoch 2 | default threshold:
  Train - Acc: 0.7134, Eff: 0.6986, Rej: 0.7137, ROC AUC: 0.7798
  Val   - Acc: 0.7130, Eff: 0.7166, Rej: 0.7130, ROC AUC: 0.7942
[16:02:33]  At epoch 3
  batch 790 last_batch 790 loss: 1.0922451632686807
  batch 285 last_batch 285 loss: 1.0966725242765327
No improvement in validation loss. Patience: 1/6
Epoch 3 | default threshold:
  Train - Acc: 0.7155, Eff: 0.7037, Rej: 0.7158, ROC AUC: 0.7849
  Val   - Acc: 0.7381, Eff: 0.6843, Rej: 0.7392, ROC AUC: 0.7890
[16:05:44]  At epoch 4
  batch 790 last_batch 790 loss: 1.0912685582909403
  batch 285 last_batch 285 loss: 1.0907761659538537
No improvement in validation loss. Patience: 2/6
Epoch 4 | default threshold:
  Train - Acc: 0.7160, Eff: 0.7065, Rej: 0.7162, ROC AUC: 0.7880
  Val   - Acc: 0.7797, Eff: 0.6391, Rej: 0.7826, ROC AUC: 0.7940
[16:08:54]  At epoch 5
  batch 790 last_batch 790 loss: 1.130128539589387
  batch 285 last_batch 285 loss: 1.0861264477696335
No improvement in validation loss. Patience: 3/6
Epoch 5 | default threshold:
  Train - Acc: 0.7082, Eff: 0.6875, Rej: 0.7086, ROC AUC: 0.7720
  Val   - Acc: 0.7035, Eff: 0.7274, Rej: 0.7030, ROC AUC: 0.7954
[16:12:08]  At epoch 6
  batch 790 last_batch 790 loss: 1.0859425365924835
  batch 285 last_batch 285 loss: 1.071398627758026
Epoch 6 | default threshold:
  Train - Acc: 0.7229, Eff: 0.7019, Rej: 0.7233, ROC AUC: 0.7880
  Val   - Acc: 0.7226, Eff: 0.7186, Rej: 0.7226, ROC AUC: 0.7991
[16:15:24]  At epoch 7
  batch 790 last_batch 790 loss: 1.08247121119801
  batch 285 last_batch 285 loss: 1.0733178084356743
No improvement in validation loss. Patience: 1/6
Epoch 7 | default threshold:
  Train - Acc: 0.7131, Eff: 0.7134, Rej: 0.7131, ROC AUC: 0.7895
  Val   - Acc: 0.7459, Eff: 0.6863, Rej: 0.7471, ROC AUC: 0.7976
[16:18:35]  At epoch 8
  batch 790 last_batch 790 loss: 1.0758922245683549
  batch 285 last_batch 285 loss: 1.0752662656600016
No improvement in validation loss. Patience: 2/6
Epoch 8 | default threshold:
  Train - Acc: 0.7211, Eff: 0.7085, Rej: 0.7214, ROC AUC: 0.7914
  Val   - Acc: 0.7177, Eff: 0.7187, Rej: 0.7177, ROC AUC: 0.7957
[16:21:47]  At epoch 9
  batch 790 last_batch 790 loss: 1.0772101257420794
  batch 285 last_batch 285 loss: 1.0866127854899357
No improvement in validation loss. Patience: 3/6
Epoch 9 | default threshold:
  Train - Acc: 0.7230, Eff: 0.7046, Rej: 0.7233, ROC AUC: 0.7912
  Val   - Acc: 0.7127, Eff: 0.7220, Rej: 0.7125, ROC AUC: 0.7977
[16:24:58]  At epoch 10
  batch 790 last_batch 790 loss: 1.0799491504325143
  batch 285 last_batch 285 loss: 1.0727335574334127
No improvement in validation loss. Patience: 4/6
Epoch 10 | default threshold:
  Train - Acc: 0.7012, Eff: 0.7283, Rej: 0.7007, ROC AUC: 0.7916
  Val   - Acc: 0.7562, Eff: 0.6757, Rej: 0.7578, ROC AUC: 0.7976
[16:28:12]  At epoch 11
  batch 790 last_batch 790 loss: 1.0783168576940705
  batch 285 last_batch 285 loss: 1.0716605416515417
No improvement in validation loss. Patience: 5/6
Epoch 11 | default threshold:
  Train - Acc: 0.7066, Eff: 0.7233, Rej: 0.7063, ROC AUC: 0.7916
  Val   - Acc: 0.7434, Eff: 0.6919, Rej: 0.7444, ROC AUC: 0.7992
[16:31:26]  At epoch 12
  batch 790 last_batch 790 loss: 1.0777525588681427
  batch 285 last_batch 285 loss: 1.0829279571248773
No improvement in validation loss. Patience: 6/6
Epoch 12 | default threshold:
  Train - Acc: 0.7078, Eff: 0.7222, Rej: 0.7076, ROC AUC: 0.7919
  Val   - Acc: 0.7140, Eff: 0.7143, Rej: 0.7140, ROC AUC: 0.7955
Early stopping at epoch 12. Best epoch was 6 with val_loss=1.0714
Model weights restored to best epoch 6
Running 5 epochs with learning rate 0.0001
[16:34:41]  At epoch 13
  batch 790 last_batch 790 loss: 1.0680767830414108
  batch 285 last_batch 285 loss: 1.0635649729193302
Epoch 13 | default threshold:
  Train - Acc: 0.7334, Eff: 0.7003, Rej: 0.7341, ROC AUC: 0.7952
  Val   - Acc: 0.7370, Eff: 0.7037, Rej: 0.7377, ROC AUC: 0.8019
[16:37:55]  At epoch 14
  batch 790 last_batch 790 loss: 1.0679626940926419
  batch 285 last_batch 285 loss: 1.0597263250434608
Epoch 14 | default threshold:
  Train - Acc: 0.7263, Eff: 0.7118, Rej: 0.7266, ROC AUC: 0.7974
  Val   - Acc: 0.7250, Eff: 0.7187, Rej: 0.7251, ROC AUC: 0.8020
[16:41:07]  At epoch 15
  batch 790 last_batch 790 loss: 1.0639425852630713
  batch 285 last_batch 285 loss: 1.0619790842658594
No improvement in validation loss. Patience: 1/100
Epoch 15 | default threshold:
  Train - Acc: 0.7281, Eff: 0.7087, Rej: 0.7285, ROC AUC: 0.7976
  Val   - Acc: 0.7267, Eff: 0.7153, Rej: 0.7270, ROC AUC: 0.8019
[16:44:20]  At epoch 16
  batch 790 last_batch 790 loss: 1.0546176419982427
  batch 285 last_batch 285 loss: 1.0587888828495093
Epoch 16 | default threshold:
  Train - Acc: 0.7291, Eff: 0.7122, Rej: 0.7294, ROC AUC: 0.7992
  Val   - Acc: 0.7201, Eff: 0.7226, Rej: 0.7201, ROC AUC: 0.8024
[16:47:33]  At epoch 17
  batch 790 last_batch 790 loss: 1.0609044489226764
  batch 285 last_batch 285 loss: 1.0588044990573013
No improvement in validation loss. Patience: 1/100
Epoch 17 | default threshold:
  Train - Acc: 0.7248, Eff: 0.7166, Rej: 0.7250, ROC AUC: 0.7990
  Val   - Acc: 0.7267, Eff: 0.7136, Rej: 0.7269, ROC AUC: 0.8022
Model weights restored to best epoch 16
Training finished. Saving model in Final_neutrals_magdown_6block_50+5_epochs_message_passing_BCE.pt
Checkpoint saved to outputs/Final_neutrals_magdown_6block_50+5_epochs_message_passing_BCE/Final_neutrals_magdown_6block_50+5_epochs_message_passing_BCE.pt
Saving config file as txt file
